Index #,Group,Company Name,Chemistry_Detail,Chemistry,Format,Part #,Cell Status,Cell Shape,Cycle Life,Last Cycle  OF Initial Capacity,vol. Energy Density (Wh/l),grav. Energy Density (Wh/kg),Max Capacity (AH),Open Circuit Voltage (V),Nominal Voltage (V),Cut Off Voltage (V),Standard Discharge Current (A),Max Constant Discharge Current (A),Crate_discharge_cyclelife,Weight (gr),Volume (CC),Fast/Quick Charge Current,Standard Charge Current (A),Crate_charge_cyclelife,t_rest_h,Length (mm),Height (mm),Width (mm),Diameter (mm),Jahr,Datenblatt,Sekundärquelle,ID / Date,Anmerkung,Charging Methode,Crate_CV_cutoff,t_cycle_DOD
ISI-001,ISI-001,Kokam,Nickel rich,LithiumNickelManganeseCobaltOxide,PouchCase,SLPB080085270,Active,PrismaticCase,3000,70,573,249,26,4.2,3.67,2.7,2.6,52,1,387,,26,2.6,1,'Nan',275,7.9,99,'Nan',2020,x,x,KKDS-20200406-BM-CEL-03 ,TUM,CC-CV,'Nan',90
ISI-002,ISI-002,Kokam,Nickel rich,LithiumNickelManganeseCobaltOxide,PouchCase,SLPB98188216P,Active,PrismaticCase,6000,70,338,146,30,4.2,3.7,2.7,6,600,1,780,,90,6,1,'Nan',223,9.4,199,'Nan',2020,x,x,-,,CC-CV,'Nan',90
ISI-010,ISI-010,Kokam,Nickel rich,LithiumNickelManganeseCobaltOxide,PouchCase,SLPB120460330,Active,PrismaticCase,6000,80,425,186,150,4.2,3.7,2.7,30,300,1,3020,,150,30,1,'Nan',327,10.5,462,'Nan',2020,x,x,KKDS-20200514-BM-CEL-24 ,SDL_25604,CC-CV,'Nan',90
ISI-011,ISI-011,Kokam,Nickel rich,LithiumNickelManganeseCobaltOxide,PouchCase,SLPB140460330,Active,PrismaticCase,6000,70,437,189,200,4.2,3.7,2.7,40,400,1,3955,,200,40,1,'Nan',327,13.6,462,'Nan',2020,x,x,-,,CC-CV,'Nan',90
ISI-012,ISI-012,Kokam,Nickel rich,LithiumNickelManganeseCobaltOxide,PouchCase,SLPB160460330,Active,PrismaticCase,6000,70,455,198,240,4.2,3.7,2.7,48,480,1,4510,,240,48,1,'Nan',327,15.8,462,'Nan',2020,x,x,KKDS-20200514-BM-CEL-26 ,SDL_21687,CC-CV,'Nan',90
ISI-013,ISI-013,Kokam,Nickel rich,LithiumNickelManganeseCobaltOxide,PouchCase,SLPB100216216H,Active,PrismaticCase,6000,70,370,159,40,4.2,3.7,2.7,8,320,1,940,,120,8,1,'Nan',227,10.3,226,'Nan',2020,x,x,-,TUM,CC-CV,'Nan',90
ISI-014,ISI-014,Kokam,Nickel rich,LithiumNickelManganeseCobaltOxide,PouchCase,SLPB120216216HR2,Active,PrismaticCase,10000,70,348,150,46,4.2,3.7,2.7,9.2,368,1,1145,,138,9.2,1,'Nan',227,12.2,226,'Nan',2020,x,x,KKDS-20200310-BM-CEL-01 ,TUM,CC-CV,'Nan',90
ISI-015,ISI-015,Kokam,Nickel rich,LithiumNickelManganeseCobaltOxide,PouchCase,SLPB120216216G1H,Active,PrismaticCase,6000,70,429,180,57,4.2,3.68,2.7,11.4,456,1,1175,,171,11.4,1,'Nan',227,12.2,226,'Nan',2020,x,x,KKDS-20200916-BM-CEL-31 ,TUM,CC-CV,'Nan',90
ISI-016,ISI-016,Kokam,Nickel rich,LithiumNickelManganeseCobaltOxide,PouchCase,SLPB125255255H,Active,PrismaticCase,6000,70,'Nan',168,75,4.2,3.7,2.7,15,600,1,1665,,225,15,1,'Nan',265,13,268,'Nan',2020,x,x,-,,CC-CV,'Nan',90
ISI-017,ISI-017,Kokam,Nickel rich,LithiumNickelManganeseCobaltOxide,PouchCase,SLPB125255255G1H,Active,PrismaticCase,6000,70,'Nan',181,85,4.2,3.7,2.7,17,680,1,1735,,255,17,1,'Nan',265,12.6,268,'Nan',2020,x,x,-,,CC-CV,'Nan',90
ISI-018,ISI-018,CALB,Lithium Iron Phosphate,LithiumIronPhosphate,PrismaticCase,CA40,Active,PrismaticCase,2000,80,'Nan','Nan',40,3.65,3.2,2.5,12,80,0.3,1500,,40,12,0.3,'Nan',116,46,118,'Nan',,x,,-,,CC-CV,'Nan',80
ISI-019,ISI-019,CALB,Lithium Iron Phosphate,LithiumIronPhosphate,PrismaticCase,CA60,Active,PrismaticCase,2000,80,'Nan','Nan',60,3.65,3.2,2.5,18,120,0.3,2000,,60,18,0.3,'Nan',115,41,240,'Nan',,x,,-,,CC-CV,'Nan',80
ISI-020,ISI-020,CALB,Lithium Iron Phosphate,LithiumIronPhosphate,PrismaticCase,CA100,Active,PrismaticCase,2000,80,'Nan','Nan',100,3.65,3.2,2.5,30,200,0.3,3400,,100,30,0.3,'Nan',142,67,213,'Nan',,x,,-,,CC-CV,'Nan',80
ISI-021,ISI-021,CALB,Lithium Iron Phosphate,LithiumIronPhosphate,PrismaticCase,SE180AHA,Active,PrismaticCase,2000,80,'Nan','Nan',180,3.65,3.2,2.5,54,180,1,5600,,180,54,0.3,0.97,180,71,279,'Nan',2016,,,15.08.2016,,CC-CV,'Nan','Nan'
ISI-022,ISI-022,CATL,Lithium Iron Phosphate,LithiumIronPhosphate,PrismaticCase,LEP71H3L7-01,Active,PrismaticCase,4000,80,'Nan','Nan',302,3.65,3.2,2.5,151,302,0.5,5510,,302,151,0.5,'Nan',207,71,173,'Nan',2018,x,,Document: CTPS-71H3L7-01 ,,CC-CV,'Nan','Nan'
ISI-023,ISI-023,CATL,Lithium Iron Phosphate,LithiumIronPhosphate,PrismaticCase,LEP54H4K1,Active,PrismaticCase,3500,80,'Nan','Nan',202,3.65,3.2,2.5,101,202,0.5,3840,,202,101,0.5,'Nan',201,57,174,'Nan',,x,,-,,CC-CV,'Nan','Nan'
ISI-024,ISI-024,COSLIGHT,Lithium Iron Phosphate,LithiumIronPhosphate,PrismaticCase,FP45173209A,Active,PrismaticCase,3000,80,'Nan','Nan',150,3.65,3.2,2.5,75,450,0.5,3840,,150,75,0.5,'Nan',201,45.5,174,'Nan',,x,,-,,CC-CV,'Nan',100
ISI-025,ISI-025,ECO POWER GROUP,Lithium Iron Phosphate,LithiumIronPhosphate,PrismaticCase,EC-AU228-NAH3L4,Active,PrismaticCase,2000,80,'Nan','Nan',228,3.65,3.2,2.5,76,456,1,4200,,228,76,1,'Nan',207,54,174,'Nan',2019,x,,-,,CC-CV,'Nan',80
ISI-026a,ISI-026,EVE Energy,Lithium Iron Phosphate,LithiumIronPhosphate,PrismaticCase,LF280N-72174,Active,PrismaticCase,1800,80,'Nan','Nan',280,3.65,3.2,2.5,140,280,1,5300,,280,140,1,0.5,205,72,174,'Nan',2019,x,,22.12.2019,@45°C,CC-CV,0.05,100
ISI-026b,ISI-026,EVE Energy,Lithium Iron Phosphate,LithiumIronPhosphate,PrismaticCase,LF280N-72174,Active,PrismaticCase,3500,80,'Nan','Nan',280,3.65,3.2,2.5,140,280,1,5300,,280,140,1,0.5,205,72,174,'Nan',2019,x,,22.12.2019,@25°C,CC-CV,0.05,100
ISI-027a,ISI-027,EVE Energy,Lithium Iron Phosphate,LithiumIronPhosphate,PrismaticCase,LF304-72174,Active,PrismaticCase,3500,80,'Nan','Nan',304,3.65,3.2,2.5,152,304,1,5490,,304,152,1,0.5,209,72,174,'Nan',2020,x,,07.05.2020,@25°C,CC-CV,0.05,100
ISI-027b,ISI-027,EVE Energy,Lithium Iron Phosphate,LithiumIronPhosphate,PrismaticCase,LF304-72174,Active,PrismaticCase,1800,80,'Nan','Nan',304,3.65,3.2,2.5,152,304,1,5490,,304,152,1,0.5,209,72,174,'Nan',2020,x,,07.05.2020,@45°C,CC-CV,0.05,100
ISI-028,ISI-028,Jiangsu FREY,Lithium Iron Phosphate,LithiumIronPhosphate,PrismaticCase,FREY36130290-100PF,Active,PrismaticCase,2500,80,'Nan','Nan',100,3.65,3.2,2.5,50,200,0.5,3000,,100,50,0.5,0.5,290,36,130,'Nan',,x,,-,,CC-CV,0.05,100
ISI-029,ISI-029,GBS ZhEJIANG Systems,Lithium Iron Phosphate,LithiumIronPhosphate,PrismaticCase,GBS-LFP200Ah-B,Active,PrismaticCase,3000,80,'Nan','Nan',200,3.65,3.2,2.5,100,600,0.5,6700,,200,100,0.5,'Nan',290,66,238,'Nan',,x,,(V3.0),,CC-CV,'Nan',80
ISI-03,ISI-03,Kokam,Nickel rich,LithiumNickelManganeseCobaltOxide,PouchCase,SLPB130255255P,Active,PrismaticCase,6000,70,363,154,75,4.2,3.7,2.7,15,600,1,1830,,300,15,1,'Nan',265,13.7,268,'Nan',2020,x,x,-,,CC-CV,'Nan',90
ISI-030,ISI-030,GFB,Lithium Iron Phosphate,LithiumIronPhosphate,PrismaticCase,48173125-100Ah,Active,PrismaticCase,3000,80,'Nan','Nan',100,3.65,3.2,2.5,50,100,1,2300,,100,50,1,'Nan',209,72,174,'Nan',2019,x,,25.03.2019,,CC-CV,'Nan','Nan'
ISI-031,ISI-031,JIANGSU HIGEE,Lithium Iron Phosphate,LithiumIronPhosphate,PrismaticCase,HJLFP48173170E-152Ah,Active,PrismaticCase,3000,80,'Nan','Nan',152,3.65,3.2,2.5,76,152,0.5,2940,,152,76,0.5,'Nan',170,49,174,'Nan',2018,x,,08.08.2018,,CC-CV,'Nan',80
ISI-032a,ISI-032,JIANGSU HIGEE,Lithium Iron Phosphate,LithiumIronPhosphate,PrismaticCase,HJLFP48173170E-120Ah,Active,PrismaticCase,4000,80,'Nan','Nan',120,3.65,3.2,2.5,120,240,1,2860,,120,60,0.5,'Nan',165,48,174,'Nan',2019,x,,06.07.2019,Fresh cell. standard charge/discharge procedure,CC-CV,'Nan',80
ISI-032b,ISI-032,JIANGSU HIGEE,Lithium Iron Phosphate,LithiumIronPhosphate,PrismaticCase,HJLFP48173170E-120Ah,Active,PrismaticCase,5000,80,'Nan','Nan',120,3.65,3.2,2.5,120,240,1,2860,,120,60,1,'Nan',165,48,174,'Nan',2019,x,,06.07.2019,Fresh cell. standard charge/discharge procedure at 1C,CC-CV,'Nan',80
ISI-032c,ISI-032,JIANGSU HIGEE,Lithium Iron Phosphate,LithiumIronPhosphate,PrismaticCase,HJLFP48173170E-120Ah,Active,PrismaticCase,5500,80,'Nan','Nan',120,3.65,3.2,2.5,120,240,0.5,2860,,120,60,0.5,'Nan',165,48,174,'Nan',2019,x,,06.07.2019,Fresh cell. charge/discharge procedure at 0.5C,CC-CV,'Nan',80
ISI-033a,ISI-033,EVE Energy,Lithium Iron Phosphate,LithiumIronPhosphate,PrismaticCase,LF280-72174,Active,PrismaticCase,3500,70,'Nan','Nan',280,3.65,3.2,2.5,140,280,1,5220,,280,140,1,0.5,205,72,174,'Nan',2019,x,,30.04.2019,@25°C,CC-CV,0.05,80
ISI-033b,ISI-033,EVE Energy,Lithium Iron Phosphate,LithiumIronPhosphate,PrismaticCase,LF280-72174,Active,PrismaticCase,1800,70,'Nan','Nan',280,3.65,3.2,2.5,140,280,1,5220,,280,140,1,0.5,205,72,174,'Nan',2019,x,,30.04.2019,@45°C,CC-CV,0.05,80
ISI-034a,ISI-034,EVE Energy,Lithium Iron Phosphate,LithiumIronPhosphate,PrismaticCase,LF280K-72174,Active,PrismaticCase,6000,70,'Nan','Nan',280,3.65,3.2,2.5,140,280,0.5,5420,,280,140,0.5,0.5,205,72,174,'Nan',2021,x,,23.03.2021,@25°C,CC-CV,0.05,80
ISI-034b,ISI-034,EVE Energy,Lithium Iron Phosphate,LithiumIronPhosphate,PrismaticCase,LF280K-72174,Active,PrismaticCase,2500,70,'Nan','Nan',280,3.65,3.2,2.5,140,280,0.5,5420,,280,140,0.5,0.5,205,72,174,'Nan',2021,x,,23.03.2021,@45°C,CC-CV,0.05,80
ISI-035,ISI-035,Lishen,Lithium Iron Phosphate,LithiumIronPhosphate,PrismaticCase,LP44147272-130Ah,Active,PrismaticCase,2000,80,'Nan','Nan',130,3.65,3.2,2.5,39,234,0.333,3425,,117,39,0.333,1,260,44,148,'Nan',2017,x,,17.02.2017,,CC-CV,0.05,80
ISI-036,ISI-036,Lishen,Lithium Iron Phosphate,LithiumIronPhosphate,PrismaticCase,LP37173207-150Ah,Active,PrismaticCase,3000,80,'Nan','Nan',150,3.65,3.2,2.5,75,150,1,2900,,150,75,1,1,208,37,174,'Nan',2019,x,,19.09.2019,,CC-CV,0.05,80
ISI-037,ISI-037,Lishen,Lithium Iron Phosphate,LithiumIronPhosphate,PrismaticCase,LP54173210-202Ah,Active,PrismaticCase,3000,80,'Nan','Nan',202,3.65,3.2,2.5,101,202,1,3900,,202,101,1,1,210,54,174,'Nan',2018,x,,23.01.2018,,CC-CV,0.05,80
ISI-038,ISI-038,Lishen,Lithium Iron Phosphate,LithiumIronPhosphate,PrismaticCase,LP71173207-272Ah,Active,PrismaticCase,2000,80,'Nan','Nan',272,3.65,3.2,2.5,136,272,1,5302,,272,136,1,1,208,72,174,'Nan',2019,x,,15.06.2019,,CC-CV,0.05,80
ISI-039,ISI-039,CRJ Technology Limited,Lithium Iron Phosphate,LithiumIronPhosphate,PrismaticCase,RJ-LFP71173200-271,Active,PrismaticCase,6000,80,'Nan','Nan',271,3.65,3.2,2.5,54.2,542,1,5400,,271,54.2,1,'Nan',200,72,174,'Nan',,x,,-,,CC-CV,'Nan',100
ISI-04,ISI-04,Kokam,Nickel rich,LithiumNickelManganeseCobaltOxide,PouchCase,SLPB120216216,Active,PrismaticCase,6000,70,418,182,53,4.2,3.7,2.7,10.6,265,1,1095,,106,10.6,1,'Nan',227,12,226,'Nan',2020,x,x,KKDS-20200514-BM-CEL-19 ,,CC-CV,'Nan',90
ISI-040,ISI-040,Sinopoly,Lithium Iron Phosphate,LithiumIronPhosphate,PrismaticCase,Sinopoly 100 Ah,Active,PrismaticCase,2000,80,'Nan','Nan',100,3.65,3.2,2.5,33,300,'Nan',3150,,200,33,'Nan','Nan',221,61,142,'Nan',,,x,-,,CC-CV,'Nan','Nan'
ISI-041,ISI-041,Sinopoly,Lithium Iron Phosphate,LithiumIronPhosphate,PrismaticCase,Sinopoly 400 Ah,Active,PrismaticCase,1500,80,'Nan','Nan',400,3.65,3.2,2.5,132,400,'Nan',12800,,400,132,'Nan','Nan',450,71,285,'Nan',,,x,-,,CC-CV,'Nan','Nan'
ISI-042,ISI-042,A123,Nickel rich,LithiumNickelManganeseCobaltOxide,PouchCase,39AH,Active,PrismaticCase,'Nan','Nan','Nan','Nan',39,4.2,3.65,2.7,19.5,117,'Nan',820,,78,19.5,'Nan','Nan',268,7,228,'Nan',,,x,-,,CC-CV,'Nan','Nan'
ISI-043,ISI-043,A123,Lithium Iron Phosphate,LithiumIronPhosphate,PouchCase,50AH,Active,PrismaticCase,2000,80,'Nan','Nan',50,3.65,3.3,2.5,25,50,'Nan',1167,,50,25,'Nan','Nan',268,10.8,228,'Nan',,,x,2021,,CC-CV,'Nan','Nan'
ISI-044,ISI-044,A123,Nickel rich,LithiumNickelManganeseCobaltOxide,PouchCase,26AH,Active,PrismaticCase,'Nan','Nan',355,180,26,4.2,3.65,2.7,5.2,26,'Nan',550,,26,5.2,'Nan','Nan',227,7.5,161,'Nan',2016,,x,2016,,CC-CV,'Nan','Nan'
ISI-045,ISI-045,A123,Nickel rich,LithiumNickelManganeseCobaltOxide,PouchCase,32AH,Active,PrismaticCase,2500,80,'Nan','Nan',32,4.2,3.65,2.7,32,192,'Nan',561,,64,32,'Nan','Nan',227,7.5,161,'Nan',,,x,2018,,CC-CV,'Nan','Nan'
ISI-046,ISI-046,A123,Lithium Iron Phosphate,LithiumIronPhosphate,PouchCase,AMP20M1HD-A,Active,PrismaticCase,3000,90,247,131,19.6,3.65,3.3,2.5,3.92,360,2,496,,300,3.92,1,'Nan',227,7.5,161,'Nan',,,x,MD100105-02. 2011,@23°C,CC-CV,'Nan',100
ISI-047,ISI-047,AutoEnergy,Lithium Iron Phosphate,LithiumIronPhosphate,CylindricalCase,50Ah 55380,Active,CylindricalCase,'Nan','Nan','Nan','Nan',50,3.65,3.2,2.5,10,,'Nan',1550,,,10,'Nan','Nan','Nan',380,,55,,,x,2021,,CC-CV,0.05,'Nan'
ISI-048,ISI-048,BAK,Nickel rich,LithiumNickelManganeseCobaltOxide,CylindricalCase,N21700CB-48,Active,CylindricalCase,1000,80,'Nan','Nan',4.8,4.2,3.6,2.5,0.96,14.4,1,70,,4.8,0.96,0.5,'Nan','Nan',70,,21,,,x,P/PR03/PB-D-N21700CB-48-LS ,,CC-CV,'Nan','Nan'
ISI-049,ISI-049,BAK,Nickel rich,LithiumNickelManganeseCobaltOxide,CylindricalCase,26650HC2,Active,CylindricalCase,1000,80,'Nan','Nan',5,4.2,3.6,2.5,2.5,10,'Nan',95,,5,2.5,'Nan','Nan','Nan',65,,26,,,x,2021,,CC-CV,'Nan','Nan'
ISI-05,ISI-05,Kokam,Nickel rich,LithiumNickelManganeseCobaltOxide,PouchCase,SLPB120216216,Active,PrismaticCase,4000,80,319,169,53,4.2,3.7,2.7,10.6,265,1,1160,,106,10.6,1,'Nan',227,12,226,'Nan',2016,x,x,-,,CC-CV,'Nan',80
ISI-050,ISI-050,CATL,Lithium Iron Phosphate,LithiumIronPhosphate,PrismaticCase,100Ah CATL LiFePO4,Active,PrismaticCase,'Nan','Nan','Nan','Nan',100,3.65,3.2,2.5,50,100,'Nan',2270,,100,50,'Nan','Nan',200,33,172,'Nan',,,x,-,,CC-CV,'Nan','Nan'
ISI-051,ISI-051,CATL,Lithium Iron Phosphate,LithiumIronPhosphate,PrismaticCase,120Ah CATL LiFePO4,Active,PrismaticCase,'Nan','Nan','Nan','Nan',120,3.65,3.2,2.5,24,240,'Nan',2840,,120,60,'Nan','Nan',174,48,172,'Nan',,,x,-,,CC-CV,'Nan','Nan'
ISI-052,ISI-052,CATL,Lithium Iron Phosphate,LithiumIronPhosphate,PrismaticCase,280Ah CATL LiFePO4,Active,PrismaticCase,12000,80,'Nan','Nan',280,3.65,3.2,2.5,56,560,'Nan',5340,,280,140,'Nan','Nan',208,72,174,'Nan',,,x,-,,CC-CV,'Nan','Nan'
ISI-053,ISI-053,CATL,Nickel rich,LithiumNickelManganeseCobaltOxide,PrismaticCase,50Ah CATL 811,Active,PrismaticCase,3000,80,'Nan','Nan',50,4.2,3.65,3,10,100,'Nan',850,,50,25,'Nan','Nan',148,27,98,'Nan',,,x,-,,CC-CV,'Nan','Nan'
ISI-054,ISI-054,ENERDEL,Nickel rich,LithiumNickelManganeseCobaltOxide,PouchCase,CE175-360 Moxie+,Active,PrismaticCase,4000,70,'Nan','Nan',17.5,4.1,3.6,2.5,3.5,17.5,0.5,430,,17.5,3.5,0.5,'Nan',253,5.8,172,'Nan',2017,x,,File No.: 07-10004-04,@30°C,CC-CV,'Nan',100
ISI-055,ISI-055,ENERDEL,Nickel rich,LithiumNickelManganeseCobaltOxide,PouchCase,CE250-370 Moxie+,Active,PrismaticCase,3000,80,'Nan','Nan',17.5,4.2,3.7,2.7,3.5,52.5,2,850,,35,3.5,2,'Nan',253,5.7,172,'Nan',2018,x,,File No.: 07-20001-00,,CC-CV,'Nan',90
ISI-056,ISI-056,ENERDEL,Nickel rich,LithiumNickelManganeseCobaltOxide,PouchCase,CP160-365 Moxie+,Active,PrismaticCase,4000,70,'Nan','Nan',16,4.1,3.65,2.5,8,16,0.5,430,,16,8,0.5,'Nan',253,5.9,172,'Nan',2017,x,,File No.: 07-10005-05,,CC-CV,'Nan',100
ISI-057,ISI-057,ENERTECH,Nickel rich,LithiumNickelManganeseCobaltOxide and LithiumNickelCobaltAluminiumOxide,PouchCase,SPB 58253172EG1_17Ah,Active,PrismaticCase,4000,80,'Nan','Nan',17.5,4.1,3.65,2.5,5.833,52.5,1,430,,35,5.833,1,'Nan',253,5.8,172,'Nan',,(x),,-,,CC-CV,'Nan',80
ISI-058,ISI-058,ENERTECH,Nickel rich,LithiumNickelManganeseCobaltOxide and LithiumNickelCobaltAluminiumOxide,PouchCase,SPB 58253172P3_23Ah,Active,PrismaticCase,2500,80,'Nan','Nan',23,4.2,3.7,2.7,11.5,115,1,470,,69,11.5,1,'Nan',253,5.8,172,'Nan',,(x),,-,,CC-CV,'Nan',100
ISI-059,ISI-059,ENERTECH,Nickel rich,LithiumNickelManganeseCobaltOxide and LithiumNickelCobaltAluminiumOxide,PouchCase,SPB 58253172V2_22Ah,Active,PrismaticCase,4000,80,'Nan','Nan',22,4.2,3.75,2.7,11,110,1,480,,66,11,1,'Nan',253,5.8,172,'Nan',,(x),,-,,CC-CV,'Nan',80
ISI-06,ISI-06,Kokam,Nickel rich,LithiumNickelManganeseCobaltOxide,PouchCase,SLPB120216216G1,Active,PrismaticCase,6000,70,463,195,60,4.2,3.68,2.7,12,180,1,1140,,120,12,1,'Nan',227,12,226,'Nan',2020,x,x,KKDS-20200429-BM-CEL-09 ,TUM,CC-CV,'Nan',90
ISI-060,ISI-060,ENERTECH,Nickel rich,LithiumNickelManganeseCobaltOxide and LithiumNickelCobaltAluminiumOxide,PouchCase,SPB 58253172V3_25Ah,Active,PrismaticCase,4000,80,'Nan','Nan',25,4.2,3.7,2.7,8.3,75,1,480,,50,8.3,1,'Nan',253,5.8,172,'Nan',,(x),,-,,CC-CV,'Nan',80
ISI-061,ISI-061,ENERTECH,Nickel rich,LithiumNickelManganeseCobaltOxide,PouchCase,58253172V4_30Ah,Active,PrismaticCase,4000,80,440,214,25,4.2,3.7,2.7,10,60,1,520,,30,10,1,'Nan',253,5.8,172,'Nan',,(x),,-,,CC-CV,'Nan',80
ISI-062,ISI-062,ENERTECH,Nickel rich,LithiumNickelManganeseCobaltOxide and LithiumNickelCobaltAluminiumOxide,PouchCase,SPB 59235172PG1,Active,PrismaticCase,4000,90,'Nan','Nan',16,4.1,3.65,2.5,5.333,80,1,430,,80,5.333,1,'Nan',253,5.8,172,'Nan',,(x),,-,,CC-CV,'Nan',80
ISI-063,ISI-063,ENERTECH,Nickel rich,LithiumNickelManganeseCobaltOxide and LithiumNickelCobaltAluminiumOxide,PouchCase,SPB 70115145_12 Ah,Active,PrismaticCase,4000,90,'Nan','Nan',12,4.1,3.65,2.5,6,24,1,240,,12,6,1,'Nan',253,5.8,172,'Nan',,(x),,-,,CC-CV,'Nan',80
ISI-064,ISI-064,ENERTECH,Nickel rich,LithiumNickelManganeseCobaltOxide and LithiumNickelCobaltAluminiumOxide,PouchCase,SPB 90190260V2_40Ah,Active,PrismaticCase,2000,80,'Nan','Nan',40,4.2,3.7,3,20,160,1,990,,40,20,1,'Nan',260,9,190,'Nan',,(x),,-,,CC-CV,0.05,'Nan'
ISI-065,ISI-065,ENERTECH,Nickel rich,LithiumNickelManganeseCobaltOxide and LithiumNickelCobaltAluminiumOxide,PouchCase,SPB704684,Active,PrismaticCase,'Nan','Nan',451,204,3.3,4.2,3.7,3,1.65,6.6,1,60,,3.3,1.65,1,'Nan',84,7,46,'Nan',2012,(x),,18.07.2012,,CC-CV,'Nan','Nan'
ISI-066,ISI-066,GeneralElectronics,,,PouchCase,GEB 126090,Active,PrismaticCase,300,80,'Nan','Nan',8.8,4.2,3.7,2.75,1.76,8.8,0.2,155,,8.8,1.76,0.2,1,90,12,60,'Nan',,x,,-,,CC-CV,'Nan','Nan'
ISI-067,ISI-067,GeneralElectronics,,,PouchCase,GEB 855085,Active,PrismaticCase,500,80,'Nan','Nan',4.1,4.2,3.7,2.75,0.82,4.1,0.2,70,,4.1,0.82,0.2,1,85,8.5,50,'Nan',,x,,-,,CC-CV,0.02,'Nan'
ISI-068,ISI-068,GeneralElectronics,,,PouchCase,GEB 9059156,Active,PrismaticCase,500,80,'Nan','Nan',10,4.2,3.7,2.75,2,10,0.2,200,,10,2,0.2,1,156,9,60,'Nan',,x,,-,,CC-CV,0.05,'Nan'
ISI-069,ISI-069,GeneralElectronics,,,CylindricalCase,GEB 21700,Active,CylindricalCase,1000,80,'Nan','Nan',4,4.2,3.7,2.75,0.8,12,0.2,69,,2,0.8,0.2,0.5,'Nan',70.5,,21.8,2018,x,,04.07.2018,,CC-CV,0.02,'Nan'
ISI-07,ISI-07,Kokam,Nickel rich,LithiumNickelManganeseCobaltOxide,PouchCase,SLPB120216216G2,Active,PrismaticCase,3000,70,525,225,70,4.2,3.67,2.7,14,140,1,1150,,70,14,1,'Nan',227,12.3,226,'Nan',2020,x,x,KKDS-20200514-BM-CEL-21 ,,CC-CV,'Nan',90
ISI-070,ISI-070,GeneralElectronics,,,CylindricalCase,GEB 26650,Active,CylindricalCase,1000,80,'Nan','Nan',5,4.2,3.7,2.75,1,5,0.2,80,,2.5,1,0.2,0.5,'Nan',65,,26,2018,x,,30.07.2018,Cycle life > 600,CC-CV,0.01,'Nan'
ISI-071,ISI-071,GeneralElectronics,,,CylindricalCase,GEB 32650,Active,CylindricalCase,1000,80,'Nan','Nan',6,4.2,3.7,2.75,3,6,0.2,140,,3,1.2,0.2,0.5,'Nan',65,,32,2018,x,,06.03.2019,Cycle life > 600,CC-CV,0.01,'Nan'
ISI-072,ISI-072,Great Power,,,CylindricalCase,GP 21700,Active,CylindricalCase,1000,80,'Nan','Nan',4.7,4.2,3.7,2.75,0.94,7.05,0.2,140,,2.4,0.96,0.2,'Nan','Nan',70.5,,21.8,2018,x,,27.03.2018,Cycle life >> 500,CC-CV,'Nan','Nan'
ISI-073,ISI-073,Hitachi,,,PouchCase,L0578G1A1,Active,PrismaticCase,1000,80,'Nan','Nan',5,4.2,3.7,2.75,1,15,2,137,,7.5,1,2,'Nan',161,6.5,78,'Nan',,,x,02.2013,,CC-CV,0.1,'Nan'
ISI-074,ISI-074,Hitachi,,,PouchCase,L13A0N2C1,Active,PrismaticCase,1000,80,'Nan','Nan',13,4.2,3.7,2.75,2.6,39,2,270,,13,2.6,2,'Nan',222,6.7,100,'Nan',,,x,02.2013,,CC-CV,0.1,'Nan'
ISI-075,ISI-075,Hitachi,,,PouchCase,L15A0N2C1,Active,PrismaticCase,1000,80,'Nan','Nan',15,4.2,3.7,2.75,3,45,2,307,,15,3,2,'Nan',222,7.5,100,'Nan',,,x,02.2013,,CC-CV,0.1,'Nan'
ISI-076,ISI-076,KeepPower,,,CylindricalCase,KP 21700,Active,CylindricalCase,500,80,'Nan','Nan',4,4.2,3.7,2.75,0.8,4,0.2,69,,2,0.96,0.2,'Nan','Nan',70.5,,21.8,,,x,-,,CC-CV,'Nan','Nan'
ISI-077a,ISI-077,LECLANCHÉ,Lithium Titanate,LithiumTitanate,PouchCase,LT 34 Ah (936901),Active,PrismaticCase,20000,80,'Nan','Nan',34,2.8,2.2,1.5,34,204,4,1080,475,204,34,4,'Nan',286,12,178.5,'Nan',,x,,LT34 EN D20212_1,@80 DoD,CC-CV,'Nan',80
ISI-077b,ISI-077,LECLANCHÉ,Lithium Titanate,LithiumTitanate,PouchCase,LT 34 Ah (936901),Active,PrismaticCase,15000,80,'Nan','Nan',34,2.8,2.2,1.5,34,204,4,1080,475,204,34,4,'Nan',286,12,178.5,'Nan',,x,,LT34 EN D20212_1,@100 DoD,CC-CV,'Nan',100
ISI-078a,ISI-078,LECLANCHÉ,Nickel rich,LithiumNickelManganeseCobaltOxide,PouchCase,GL60 (936A04),Active,PrismaticCase,8000,80,'Nan','Nan',60,4.2,3.7,3,12,180,1,1120,475,60,12,1,'Nan',286,12,178.5,'Nan',,x,,GL60 EN D201910_2,@100 DoD,CC-CV,'Nan',100
ISI-078b,ISI-078,LECLANCHÉ,Nickel rich,LithiumNickelManganeseCobaltOxide,PouchCase,GL60 (936A04),Active,PrismaticCase,4500,80,'Nan','Nan',60,4.2,3.7,3,12,180,1,1120,475,60,12,1,'Nan',286,12,178.5,'Nan',,x,,GL60 EN D201910_2,@80 DoD,CC-CV,'Nan',80
ISI-079a,ISI-079,LECLANCHÉ,Nickel rich,LithiumNickelManganeseCobaltOxide,PouchCase,GL65,Active,PrismaticCase,7000,80,'Nan','Nan',65,4.35,3.72,3,13,195,1,1120,475,65,13,1,'Nan',286,12,178.5,'Nan',,x,,GL65 EN-EUR B20213_0,@100 DoD,CC-CV,'Nan',100
ISI-079b,ISI-079,LECLANCHÉ,Nickel rich,LithiumNickelManganeseCobaltOxide,PouchCase,GL65,Active,PrismaticCase,4000,80,'Nan','Nan',65,4.35,3.72,3,13,195,1,1120,475,65,13,1,'Nan',286,12,178.5,'Nan',,x,,GL65 EN-EUR B20213_0,@80 DoD,CC-CV,'Nan',80
ISI-08,ISI-08,Kokam,Nickel rich,LithiumNickelManganeseCobaltOxide,PouchCase,SLPB120255255,Active,PrismaticCase,6000,70,423,182,75,4.2,3.7,2.7,15,225,1,1535,,75,15,1,'Nan',265,11.8,268,'Nan',2020,x,x,KKDS-20200514-BM-CEL-22 ,,CC-CV,'Nan',90
ISI-080,ISI-080,LG Chem,Nickel rich,LithiumNickelManganeseCobaltOxide,CylindricalCase,INR18650 MJ1,Active,CylindricalCase,400,80,'Nan',259.6,3.5,4.2,3.635,2.5,0.7,10,1.142857143,49,,3.4,0.96,0.428571429,'Nan','Nan',65,,18,2014,x,,,SDL,CC-CV,'Nan','Nan'
ISI-081,ISI-081,LG Chem,Nickel rich,LithiumNickelManganeseCobaltOxide,CylindricalCase,INR21700 M50T,Active,CylindricalCase,300,80,'Nan','Nan',4.8,4.2,3.635,2.5,0.96,14.55,0.33,69,,3.395,1.455,0.33,0.5,'Nan',70,,21,2018,x,,16.07.2018,,CC-CV,'Nan','Nan'
ISI-082,ISI-082,LG Chem,Nickel rich,LithiumNickelManganeseCobaltOxide,CylindricalCase,INR21700 M50,Active,CylindricalCase,500,80,'Nan',248.7,4.8,4.2,3.635,2.5,0.96,14.55,0.33,68.5,,3.395,1.455,0.33,0.5,'Nan',70,,21,2017,x,,22.09.2017,,CC-CV,'Nan','Nan'
ISI-083,ISI-083,Lishen,Nickel rich,LithiumNickelCobaltAluminiumOxide,CylindricalCase,LR2170SA,Active,CylindricalCase,1000,80,'Nan','Nan',4,4.2,3.65,2.5,2,12,1,68,,2,0.8,0.5,0.5,'Nan',70,,21,2017,x,,19.05.2017,SDL-26861,CC-CV,0.02,'Nan'
ISI-084,ISI-084,OSN,Lithium Titanate,LithiumTitanate,PouchCase,OSN-08198255-LT28,Active,PrismaticCase,30000,80,'Nan','Nan',28,2.8,2.4,1.6,28,420,'Nan',,,168,28,'Nan','Nan',225,8,198,'Nan',,,x,2021,,CC-CV,'Nan','Nan'
ISI-085,ISI-085,Panasonic,Nickel rich,LithiumNickelCobaltAluminiumOxide,CylindricalCase,NCR21700A,Active,CylindricalCase,1000,80,'Nan','Nan',5,4.2,3.65,2.5,1,15,'Nan',70,,3,1,'Nan','Nan','Nan',70,,21,,,x,2021,,CC-CV,'Nan','Nan'
ISI-086,ISI-086,Panasonic,Nickel rich,LithiumNickelCobaltAluminiumOxide,CylindricalCase,NCR20700A,Active,CylindricalCase,300,80,512,192,3.3,4.2,3.65,2.5,0.66,20,3,60,,2.2,0.66,1,'Nan','Nan',70,,20,,,x,,,CC-CV,0.03,'Nan'
ISI-087,ISI-087,Panasonic,Nickel rich,LithiumNickelCobaltAluminiumOxide,CylindricalCase,NCR20700B,Active,CylindricalCase,500,80,659,224,4,4.2,3.65,2.5,0.8,12,2,63,,2,0.8,0.5,'Nan','Nan',70,,20,,x,x,-,SDL_25605,CC-CV,0.03,'Nan'
ISI-088,ISI-088,Samsung,Nickel rich,LithiumNickelCobaltAluminiumOxide,CylindricalCase,INR21700-40T,Active,CylindricalCase,250,60,'Nan','Nan',4,4.2,3.635,2.5,0.8,10,8,70,,6,2,1.5,'Nan','Nan',70,,21,2017,x,,12.2017,,CC-CV,0.03,'Nan'
ISI-089,ISI-089,Samsung,Nickel rich,LithiumNickelCobaltAluminiumOxide,CylindricalCase,INR21700-48G,Active,CylindricalCase,500,60,'Nan',250.4,4.8,4.2,3.635,2.5,0.96,9.6,1,70,,4.8,1.44,0.3,'Nan','Nan',70,,21,2015,x,,10.2015,,CC-CV,'Nan','Nan'
ISI-09,ISI-09,Kokam,Nickel rich,LithiumNickelManganeseCobaltOxide,PouchCase,SLPB130255255G1,Active,PrismaticCase,6000,70,503,211,103,4.2,3.7,2.7,20.6,206,1,1810,,103,20.6,1,'Nan',265,13.3,268,'Nan',2020,x,x,-,,CC-CV,'Nan',90
ISI-090,ISI-090,VAPCELL,Nickel rich,LithiumNickelManganeseCobaltOxide,CylindricalCase,INR21700,Active,CylindricalCase,'Nan','Nan','Nan','Nan',4.5,4.2,3.6,2.5,0.9,20,'Nan',72,,3,1.5,'Nan','Nan','Nan',70,,21,,,x,24.05.2011,,CC-CV,'Nan','Nan'
ISI-091,ISI-091,Eagle Picher Technologies LLC,Nickel rich,LithiumNickelManganeseCobaltOxide and LithiumNickelCobaltAluminiumOxide,PrismaticCase,LiBG18EV-1,Active,PrismaticCase,2000,80,210,80,17,4.1,3.7,2.5,8.5,2000,0.5,810,,27.5,1.1,1,'Nan',229,9.8,142,'Nan',2020,x,,,Dimensionen aus Inches in mm umgerechnet,CC-CV,'Nan','Nan'
ISI-092,ISI-092,Eagle Picher Technologies LLC,Nickel rich,LithiumNickelManganeseCobaltOxide and LithiumNickelCobaltAluminiumOxide,PrismaticCase,SLC-16050-003,Active,PrismaticCase,'Nan','Nan',305.4,121.3,62.5,4.1,3.7,3,31.25,62.5,'Nan',2020,,125,31.25,'Nan','Nan',172.7,58.4,81.5,'Nan',2016,x,,,keine genaue Angabe zu Life Cycle,CC-CV,'Nan','Nan'
ISI-093,ISI-093,Eagle Picher Technologies LLC,Nickel rich,LithiumNickelManganeseCobaltOxide and LithiumNickelCobaltAluminiumOxide,PrismaticCase,SLC-21060-001,Active,PrismaticCase,'Nan','Nan',324.1,131.7,72,4.1,3.7,3,36,72,'Nan',1974,,146,36,'Nan','Nan',173,56.9,81.5,'Nan',N/A,x,,,keine genaue Angabe zu Life Cycle,CC-CV,'Nan','Nan'
ISI-094,ISI-094,Eagle Picher Technologies LLC,Nickel rich,LithiumNickelCobaltAluminiumOxide,PrismaticCase,LP 32975,Active,PrismaticCase,2000,80,285,114,12,4.1,3.6,3,2.4,96,0.5,465,,,6,0.5,'Nan',97.9,25.3,71,'Nan',2019,x,,LP32975-0419,,CC-CV,0.02,100
ISI-095,ISI-095,Eagle Picher Technologies LLC,Nickel rich,LithiumNickelCobaltAluminiumOxide,PrismaticCase,LP 33037,Active,PrismaticCase,2000,80,393,160,60,4.1,3.6,3,12,250,0.5,1600,,,12,0.5,'Nan',141.3,34,137.7,'Nan',2019,x,,,,CC-CV,0.02,100
ISI-096,ISI-096,Eagle Picher Technologies LLC,Nickel rich,LithiumNickelCobaltAluminiumOxide,PrismaticCase,LP 33081,Active,PrismaticCase,2000,80,335,141,30,4.1,3.6,3,6,150,0.5,950,,,6,0.5,'Nan',140.5,28.1,95.7,'Nan',2019,x,,LP33081-0419 ,,CC-CV,0.02,100
ISI-097,ISI-097,Eagle Picher Technologies LLC,Nickel rich,LithiumNickelCobaltAluminiumOxide,PrismaticCase,LP 33330,Active,PrismaticCase,'Nan','Nan',263,105,6,4.1,3.6,3,1.2,24,'Nan',222,,,,'Nan','Nan',77.8,22.2,49.8,'Nan',2019,x,,,no charge data,CC-CV,0.02,100
ISI-098,ISI-098,Eagle Picher Technologies LLC,Nickel rich,LithiumNickelCobaltAluminiumOxide,PrismaticCase,LP 33450,Active,PrismaticCase,2000,80,378,153,43,4.1,3.6,3,8.6,200,0.5,1270,,,21.5,0.5,'Nan',151.7,30.7,106.7,'Nan',2019,x,,LP33450-0319 ,,CC-CV,0.02,100
ISI-099,ISI-099,Eagle Picher Technologies LLC,Nickel rich,LithiumNickelCobaltAluminiumOxide,PrismaticCase,LP 34100,Active,PrismaticCase,'Nan','Nan',165,70,5,4.1,3.6,3,,500,'Nan',275,,,2.5,'Nan','Nan',143.2,7.4,105.9,'Nan',2019,x,,,low temperature cell,CC-CV,0.02,100
ISI-100,ISI-100,Amita Technologies,Nickel rich,LithiumNickelManganeseCobaltOxide,PouchCase,9299130NE,Active,PrismaticCase,1500,70,512,246,16.8,4.2,3.7,2.8,3.2,32,1,240,,16,3.2,1,0.33,130,9.2,99,'Nan',N/A,x,,-,1C-1C RT 1500 Cycle ≧ 70SOH,CC-CV,0.05,100
ISI-101,ISI-101,Amita Technologies,Nickel rich,LithiumNickelManganeseCobaltOxide / LithiumTitanate,PrismaticCase,120155250L-AL40,Active,PrismaticCase,7500,80,198,90,42,2.7,2.2,1.6,8,200,1,980,,120,8,1,'Nan',250,12,155,'Nan',2019,x,,15.10.2019,1C-1C RT > 10000,CC-CV,'Nan','Nan'
ISI-102,ISI-102,Amita Technologies,Lithium Iron Phosphate,LithiumIronPhosphate,PrismaticCase,120155250P-LF01,Active,PrismaticCase,4000,80,275,128,40,3.65,3.2,2.5,8,120,1,980,,120,8,1,0.33,250,12.2,155,'Nan',2020,x,,18.06.2020,,CC-CV,'Nan','Nan'
ISI-103a,ISI-103,Amita Technologies,Nickel rich,LithiumNickelManganeseCobaltOxide,PrismaticCase,120155250N-AM44E,Active,PrismaticCase,5000,80,384.6,202,49,4.2,3.65,2.8,9.6,144,1,885,,9.6,144,1,'Nan',250,12.2,155,'Nan',2020,x,,18.06.2020,,CC-CV,0.05,90
ISI-103b,ISI-103,Amita Technologies,Nickel rich,LithiumNickelManganeseCobaltOxide,PrismaticCase,120155250N-AM44E,Active,PrismaticCase,3500,80,384.6,202,49,4.2,3.65,2.8,9.6,144,1,885,,9.6,144,1,'Nan',250,12.2,155,'Nan',2020,x,,18.06.2020,,CC-CV,0.05,100
ISI-104,ISI-104,Amita Technologies,Nickel rich,LithiumNickelManganeseCobaltOxide,PrismaticCase,120155250NH-NH02,Active,PrismaticCase,3000,85,348.3,175,45,4.2,3.6,2.4,8.8,176,1,928,,176,8.8,4,'Nan',250,12.2,155,'Nan',2020,x,,18.06.2020,,CC-CV,0.05,'Nan'
ISI-105,ISI-105,Amita Technologies,Nickel rich,LithiumNickelManganeseCobaltOxide,PouchCase,5099130NRS,Active,PrismaticCase,2000,80,333,152,5.5,4.2,3.7,2.8,,44,1,141,,27.5,,1,'Nan',130,5.23,98,'Nan',N/A,x,,07.12.2008,Datasheet als Screenshot Webseite,CC-CV,'Nan','Nan'
ISI-106,ISI-106,Amita Technologies,Nickel rich,LithiumNickelManganeseCobaltOxide,PouchCase,7799130N,Active,PrismaticCase,2000,'Nan',388,181,10.3,4.2,3.7,2.8,,30.9,1,218,,10.3,,1,'Nan',130,8.2,98,'Nan',N/A,x,,-,Datasheet als Screenshot Webseite,CC-CV,'Nan','Nan'
ISI-107,ISI-107,Amita Technologies,Nickel rich,LithiumNickelCobaltAluminiumOxide,PouchCase,8399130NE,Active,PrismaticCase,700,'Nan',521,235,14.5,4.2,3.7,2.8,,14.5,1,235,,14.5,,1,'Nan',130,8.3,99,'Nan',N/A,x,,-,Datasheet als Screenshot Webseite,CC-CV,'Nan','Nan'
ISI-108,ISI-108,Amita Technologies,Nickel rich,LithiumNickelManganeseCobaltOxide,PouchCase,7799130ND,Active,PrismaticCase,2000,'Nan',440,202,11.7,4.2,3.7,2.8,,35.1,1,221,,11.7,,1,'Nan',130,8.1,98,'Nan',N/A,x,,-,,CC-CV,'Nan','Nan'
ISI-109,ISI-109,Amita Technologies,Lithium Iron Phosphate,LithiumIronPhosphate,PouchCase,7799130P,Active,PrismaticCase,3000,'Nan',266,135,7.5,3.65,3.2,2.5,,37.5,'Nan',195,,15,,'Nan','Nan',130,7.9,98,'Nan',N/A,x,,-,,CC-CV,'Nan','Nan'
ISI-110,ISI-110,Amita Technologies,Nickel rich,LithiumNickelManganeseCobaltOxide,PouchCase,9299130N,Active,PrismaticCase,2000,'Nan',404,184,13,4.2,3.7,2.8,,39,1,260,,13,,1,'Nan',130,9.05,98,'Nan',N/A,x,,-,,CC-CV,'Nan','Nan'
ISI-111,ISI-111,Eemb Co,Lithium Iron Phosphate,LithiumIronPhosphate,PrismaticCase,LP7851119F,Active,PrismaticCase,2000,'Nan','Nan','Nan',3.5,3.65,3.2,2,0.7,7,0.5,87.5,,3.5,0.73,0.5,0.33,120,8.1,51.5,'Nan',2015,x,,,no data spec. energy,CC-CV,'Nan','Nan'
ISI-112,ISI-112,Eemb Co,Lithium Iron Phosphate,LithiumIronPhosphate,PrismaticCase,LP1167220F,Active,PrismaticCase,2000,'Nan','Nan','Nan',11,3.65,3.2,2,2.2,22,0.5,275,,11,0.73,0.5,0.33,224,11.3,67.5,'Nan',2016,x,,13.10.2016,no data spec. energy,CC-CV,'Nan',100
ISI-113,ISI-113,Eemb Co,Lithium Iron Phosphate,LithiumIronPhosphate,PrismaticCase,LP7568130F,Active,PrismaticCase,2000,'Nan','Nan','Nan',5,3.65,3.2,2,1,10,0.5,125,,5,0.73,0.5,0.33,131,7.8,68.5,'Nan',2015,x,,18.09.2015,no data spec. energy,CC-CV,'Nan',100
ISI-114,ISI-114,Eemb Co,Lithium Iron Phosphate,LithiumIronPhosphate,PrismaticCase,LP9590120F,Active,PrismaticCase,2000,'Nan','Nan','Nan',8.5,3.65,3.2,2,1.7,17,0.5,170,,8.5,0.73,0.5,0.33,121,9.8,90.5,'Nan',2018,x,,30.06.2018,no data spec. energy,CC-CV,'Nan',100
ISI-115,ISI-115,Eemb Co,Lithium Iron Phosphate,LithiumIronPhosphate,PrismaticCase,LP60100100F,Active,PrismaticCase,2000,'Nan','Nan','Nan',4.5,3.65,3.2,2,0.9,9,0.5,112.5,,4.5,0.73,0.5,0.33,101,6.3,100.5,'Nan',2015,x,,18.09.2015,no data spec. energy,CC-CV,'Nan',100
ISI-116,ISI-116,Eemb Co,Lithium Iron Phosphate,LithiumIronPhosphate,PrismaticCase,LP90100160F,Active,PrismaticCase,2000,'Nan','Nan','Nan',10,3.65,3.2,2,2,20,0.5,250,,10,0.73,0.5,0.33,166,9.5,101,'Nan',2017,x,,18.07.2017,no data spec. energy,CC-CV,'Nan',100
ISI-117,ISI-117,Eemb Co,Lithium Iron Phosphate,LithiumIronPhosphate,PrismaticCase,LP7851119F,Active,PrismaticCase,2000,'Nan','Nan','Nan',7,3.65,3.2,2,1.4,14,0.5,175,,7,0.73,0.5,0.33,123,7.8,103.5,'Nan',2014,x,,10.06.2015,no data spec. energy,CC-CV,'Nan',100
ISI-118,ISI-118,Eagle Picher Technologies LLC,Nickel rich,LithiumNickelCobaltAluminiumOxide,PrismaticCase,LP 32770,Active,PrismaticCase,2000,80,343,134,55,4.1,3.7,3,11,440,0.5,1680,,27.5,11,0.5,'Nan',141,34,137.7,'Nan',2016,x,,,,CC-CV,'Nan','Nan'
ISI-119,ISI-119,BMZ_Sony,Nickel rich,LithiumNickelManganeseCobaltOxide,CylindricalCase,BMZ 21700 50EL,Active,CylindricalCase,1000,90,'Nan',257,5,4.2,3.6,2.5,1,14,0.33,68.5,,2.38,1.45,0.33,'Nan','Nan',70.15,,21.1,2018,x,,,,CC-CV,'Nan','Nan'
ISI-120,ISI-120,Zenlabs_Envia,Nickel rich,LithiumNickelManganeseCobaltOxide,PouchCase,ENV 11.6 Ah,Active,PrismaticCase,800,80,850,340,12,4.2,3.45,2.5,2.4,60,1,121,,12,2.4,1,'Nan',145,6,64,'Nan',2019,x,,12.06.2019,,CC-CV,'Nan','Nan'
ISI-121,ISI-121,Zenlabs_Envia,Nickel rich,LithiumNickelManganeseCobaltOxide,PouchCase,ENV 50.4 Ah,Active,PrismaticCase,1000,80,640,300,51,4.3,3.46,2.5,10.2,255,1,592,,51,10.2,1,'Nan',320,7,102,'Nan',2019,x,,,,CC-CV,'Nan','Nan'
ISI-122,ISI-122,Yoku Energy (Shenzhen) Co,,,PouchCase,2895129,Active,PrismaticCase,800,80,'Nan','Nan',4.42,4.35,3.85,2.5,1,8.8,0.5,79,,4.4,1,0.33,'Nan',129,2.8,95,'Nan',,(x),x,,,CC-CV,'Nan','Nan'
ISI-123,ISI-123,EVE Energy,Lithium Iron Phosphate,LithiumIronPhosphate,PrismaticCase,LF105-73103,Active,PrismaticCase,3500,80,'Nan','Nan',106.5,3.65,3.2,2.5,53.25,319.5,1,1980,,106.5,53.25,1,'Nan',200.5,36.7,130.3,'Nan',2017,x,,17.10.2017,,CC-CV,0.05,'Nan'
ISI-124,ISI-124,EVE Energy,Lithium Iron Phosphate,LithiumIronPhosphate,PrismaticCase,LF90K,Active,PrismaticCase,3500,80,318,147,91.5,3.65,3.2,2.5,265,681,1,1990,,91.5,45.75,1,'Nan',195.3,36.2,130.1,'Nan',,,x,,,CC-CV,'Nan','Nan'
ISI-125,ISI-125,BMZ_TerraE,Nickel rich,LithiumNickelCobaltAluminiumOxide,CylindricalCase,INR 21700 50 E,Active,CylindricalCase,800,80,727,264,5,4.2,3.6,2.75,1,15,1,72,,3.5,0.2,0.5,'Nan','Nan',70.9,,21.7,2021,x,,24.09.2021,,CC-CV,0.02,'Nan'
ISI-126,ISI-126,SKI,Nickel rich,,PouchCase,SKI Kia Niro,Active,PrismaticCase,1000,80,607,257,60,4.35,3.6,2.75,30,120,1,899.3,,60,30,1,'Nan',300,15,108.5,'Nan',2019,,x,,,CC-CV,'Nan','Nan'
ISI-127,ISI-127,CALB,Nickel rich,LithiumNickelManganeseCobaltOxide,PrismaticCase,L148N50B,Active,PrismaticCase,2000,80,'Nan',212,50,4.35,3.66,2.75,25,50,1,861,,50,25,1,'Nan',148,26.5,97.5,'Nan',2019,x,,10.2019,,CC-CV,'Nan',80
ISI-128,ISI-128,CALB,Lithium Iron Phosphate,LithiumIronPhosphate,PrismaticCase,L135F72 (CAM72),Active,PrismaticCase,2000,80,'Nan',132,72,3.65,3.2,2.5,36,72,1,1780,,72,36,1,'Nan',215,30,135,'Nan',2019,x,,10.2019,,CC-CV,'Nan',80
ISI-129,ISI-129,CALB,Lithium Iron Phosphate,LithiumIronPhosphate,PrismaticCase,L160F100B,Active,PrismaticCase,3000,80,'Nan',160,100,3.65,3.2,2.5,50,100,1,1970,,100,50,1,'Nan',160,49.9,116,'Nan',2019,x,,10.2019,,CC-CV,'Nan',80
ISI-130,ISI-130,CALB,Lithium Iron Phosphate,LithiumIronPhosphate,PrismaticCase,LFP176Ah,Active,PrismaticCase,2000,80,'Nan',141,176,3.65,3.2,2.5,88,176,1,3984,,176,88,1,'Nan',207,53.7,174,'Nan',2019,x,,10.2019,,CC-CV,'Nan',80
ISI-131,ISI-131,CALB,Lithium Iron Phosphate,LithiumIronPhosphate,PrismaticCase,26650FS3,Active,PrismaticCase,2000,80,'Nan',129,3.6,3.65,3.2,2,1.8,10.8,0.5,89,,5.4,1.8,0.5,'Nan','Nan',65,,26,2019,x,,10.2019,,CC-CV,'Nan',80
ISI-132,ISI-132,Samsung,Nickel rich,,PrismaticCase,CS0495RT001A,Active,PrismaticCase,'Nan','Nan',488,208,49.5,4.35,3.6,2.75,24.75,49.5,1,866,,49.5,24.75,1,'Nan',148,27,91,'Nan',2019,,x,17.02.2022,Batemo,CC-CV,'Nan','Nan'
ISI-133,ISI-133,BAK,Nickel rich,,CylindricalCase,N21700CG-50,Active,CylindricalCase,800,80,704,260,5,4.2,3.6,2.5,2.5,15,1,70,,5,2.5,0.5,'Nan','Nan',70,,21,2020,,x,22.04.2020,Batemo,CC-CV,0.01,'Nan'
ISI-134,ISI-134,Panasonic,Nickel rich,,CylindricalCase,NCR2170‑M,Active,CylindricalCase,'Nan','Nan',755,271,5.02,4.2,3.6,2.5,2.51,15.8,1,70,,5.02,2.51,0.5,'Nan','Nan',70,,21,2020,,x,01.09.2021,Batemo,CC-CV,'Nan','Nan'
ISI-135,ISI-135,Molicel,Nickel rich,,CylindricalCase,INR-21700-P42B,Active,CylindricalCase,800,80,601,226,4.2,4.2,3.6,2.5,4.2,26,1,70,,6,4.2,1,'Nan','Nan',70,,21,,,x,-,Batemo,CC-CV,0.01,'Nan'
ISI-136,ISI-136,Molicel,Nickel rich,,CylindricalCase,INR-21700-P42A,Active,CylindricalCase,800,80,615,230,4.2,4.2,3.6,2.5,4.2,26,2.5,70,,6,4.2,1,'Nan','Nan',70,,21,,,x,-,Batemo,CC-CV,0.01,'Nan'
ISI-137,ISI-137,Samsung,Nickel rich,,CylindricalCase,INR-21700-50S,Active,CylindricalCase,'Nan','Nan',742,260,5,4.2,3.6,2.5,5,20,1,72,,6,2.5,1,'Nan','Nan',70,,21,2020,,x,-,Batemo,CC-CV,'Nan','Nan'
ISI-138,ISI-138,LG Chem,Nickel rich,,PouchCase,A7,Active,PrismaticCase,'Nan','Nan',524,211,50,4.2,3.6,2.5,50,179,1,895,,50,25,1,'Nan',298,10.6,153,'Nan',2018,,x,01.05.2017,Batemo,CC-CV,'Nan','Nan'
ISI-139,ISI-139,Lishen,Nickel rich,,PrismaticCase,C‑PR51A,Active,PrismaticCase,'Nan','Nan',481,215,51,4.2,3.6,2.5,51,188,1,911,,51,25.5,1,'Nan',148,28,98,'Nan',,,x,,Batemo,CC-CV,'Nan','Nan'
ISI-140,ISI-140,LG Chem,Nickel rich,,PouchCase,E61V,Active,PrismaticCase,'Nan','Nan',641,257,61,4.2,3.6,2.5,30.5,61,0.5,875,,61,20.13,0.33,'Nan',355,11.4,110,'Nan',2019,,x,01.04.2021,Batemo,CC-CV,'Nan','Nan'
ISI-141,ISI-141,LG Chem,Nickel rich,,PouchCase,E66A,Active,PrismaticCase,'Nan','Nan',648,259,65,4.2,3.657,2.5,32.5,65,0.5,897,426,65,21.45,0.33,'Nan',350,11.7,104,'Nan',2020,,x,01.11.2020,Batemo,CC-CV,'Nan','Nan'
ISI-142,ISI-142,LG Chem,Nickel rich,,PouchCase,E63,Active,PrismaticCase,1000,80,'Nan','Nan',65.6,4.2,3.6,2.5,32.8,65.6,0.5,964,,65.6,21.648,0.33,'Nan',325,11.5,125,'Nan',2018,x,,26.02.2018,@25°C Room,CC-CV,'Nan','Nan'
ISI-143a,ISI-143,Samsung,Nickel rich,,CylindricalCase,INR21700-48X,Active,CylindricalCase,1500,70,'Nan','Nan',4.8,4.2,3.6,2.5,0.96,4.8,1,72,,4.8,1.584,1,'Nan','Nan',70,,21,,,x,2020,,CC-CV,'Nan',80
ISI-143b,ISI-143,Samsung,Nickel rich,,CylindricalCase,INR21700-48X,Active,CylindricalCase,500,70,'Nan','Nan',4.8,4.2,3.6,2.5,0.96,4.8,1,72,,4.8,1.584,1,'Nan','Nan',70,,21,,,x,2020,,CC-CV,'Nan',100
ISI-144,ISI-144,LG Chem,Nickel rich,,PouchCase,E63B,Active,PrismaticCase,1200,65,'Nan','Nan',63,4.2,3.6,2.5,31.5,63,1,882,,63,18.9,0.33,'Nan',301,14.5,100,'Nan',2018,x,,-,@25°C Room,CC-CV,'Nan','Nan'
ISI-146,ISI-146,A123,Lithium Iron Phosphate,LithiumIronPhosphate,PouchCase,20AH,Active,PrismaticCase,1000,80,'Nan','Nan',20,3.65,3.3,2.5,4,20,'Nan',496,,20,4,'Nan','Nan',227,7.25,160,'Nan',,,x,,,CC-CV,'Nan','Nan'
ISI-147,ISI-147,LG Chem,Nickel rich,LithiumNickelManganeseCobaltOxide,PouchCase,NX2.1,Active,PrismaticCase,1000,80,'Nan',265,60,4.2,3.6,2.5,12,120,0.33,820,,60,12,0.33,'Nan',330,16.5,100,'Nan',2020,x,x,-,@25°C Room,CC-CV,'Nan','Nan'
ISI-148,ISI-148,CALB,Lithium Iron Phosphate,LithiumIronPhosphate,PrismaticCase,CA400,Active,PrismaticCase,2000,80,'Nan','Nan',400,3.65,3.2,2.5,120,800,0.3,13600,,400,120,0.3,'Nan',450,71,275,'Nan',,x,,-,,CC-CV,'Nan',80
ISI-149,ISI-149,CALB,Lithium Iron Phosphate,LithiumIronPhosphate,PrismaticCase,CAM72,Active,PrismaticCase,2000,80,'Nan','Nan',72,3.65,3.2,2.5,21.6,216,0.3,1900,,72,21.6,0.3,'Nan',68,29,216,'Nan',,x,,-,,CC-CV,'Nan',80
ISI-150,ISI-150,Melasta,Lithium Iron Phosphate,LithiumIronPhosphate,PrismaticCase,MB-LithiumIronPhosphate-32173128,Active,PrismaticCase,2000,80,'Nan','Nan',60,3.65,3.2,2,12,180,0.2,1410,,120,12,0.2,'Nan',173,32,124,'Nan',,x,,-,,CC-CV,0.02,80
ISI-151,ISI-151,Melasta,Lithium Iron Phosphate,LithiumIronPhosphate,CylindricalCase,MB-IFR26650,Active,CylindricalCase,2000,80,'Nan','Nan',3.8,3.65,3.2,2,0.76,11.4,0.2,92,,3.8,0.76,0.2,'Nan','Nan',65.2,,26.5,,x,,-,,CC-CV,0.02,80
ISI-152,ISI-152,Melasta,Nickel rich,LithiumNickelManganeseCobaltOxide,PouchCase,SLPBB042126,Active,PrismaticCase,100,80,'Nan','Nan',6.55,4.2,3.7,2.5,1.31,98.25,15,126,,13.1,1.31,0.5,'Nan',127,10.2,42,'Nan',,x,,-,,CC-CV,0.02,80
ISI-153,ISI-153,Kokam,Nickel rich,LithiumNickelManganeseCobaltOxide,PouchCase,SLPB70205130P,Active,PrismaticCase,1400,80,'Nan','Nan',12,4.2,3.7,2.7,12,180,0.5,345,,36,12,0.5,'Nan',208,130,7,'Nan',2011,x,,28.04.2011,,CC-CV,0.05,80
ISI-154,ISI-154,Saft,,,PrismaticCase,INT 176065 ISR FL,Active,PrismaticCase,2250,'Nan','Nan','Nan',5.6,4.2,3.65,2.5,2.8,11,0.5,155,,5.6,5.6,1,'Nan',63,74,20.6,'Nan',2020,x,,12.2020,,CC-CV,'Nan',100
ISI-155,ISI-155,Saft,,,PrismaticCase,MP 144350 XLR,Active,PrismaticCase,1100,'Nan',335,142,2.6,4.2,3.65,2.5,1.3,5,0.5,66,,2.6,2.6,1,'Nan',42.9,50.1,14.5,'Nan',2018,x,,04.2018,,CC-CV,'Nan',100
ISI-156,ISI-156,Saft,,,PrismaticCase,MP 176065 ISE,Active,PrismaticCase,1000,'Nan',264,150,5.6,4.2,3.65,2.5,2.8,11,0.5,135,,5.6,5.6,0.5,'Nan',60.5,68.7,19.05,'Nan',2019,x,,07.2009,,CC-CV,'Nan',100
ISI-157a,ISI-157,Gaia,Nickel rich,LithiumNickelCobaltAluminiumOxide,CylindricalCase,HP 602030,Active,CylindricalCase,1000,80,282,108,45,4.2,3.6,3,90,450,0.5,1500,,180,45,0.5,'Nan','Nan',232,,60,2009,x,,06.2009,,CC-CV,'Nan',80
ISI-157b,ISI-157,Gaia,Nickel rich,LithiumNickelCobaltAluminiumOxide,CylindricalCase,HP 602030,Active,CylindricalCase,2000,60,282,108,45,4.2,3.6,3,90,450,0.5,1500,,180,45,0.5,'Nan','Nan',232,,60,2009,x,,06.2009,,CC-CV,'Nan',60
ISI-158,ISI-158,Keeppower,,,CylindricalCase,NH2140,Active,CylindricalCase,500,70,'Nan','Nan',4,4.2,3.7,2.5,0.8,35,'Nan',69,,4,0.05,'Nan','Nan','Nan',70.3,,21.5,,x,,-,,CC-CV,'Nan','Nan'
ISI-159a,ISI-159,Panasonic,,,CylindricalCase,NCR18650BF,Active,CylindricalCase,500,80,677,248,3.35,4.2,3.6,2.5,3.25,3.25,1,46.5,,1.625,1.625,0.5,'Nan','Nan',65.1,,18.24,,x,,-,,CC-CV,0.02,'Nan'
ISI-160a,ISI-160,Panasonic,Nickel rich,LithiumNickelCobaltAluminiumOxide,PrismaticCase,NCA596080,Active,PrismaticCase,300,80,506,212,4.179,4.2,3.6,2.75,3.94,3.94,0.5,67,,2.758,2.758,0.8,'Nan',60,80,5.85,'Nan',,x,,-,,CC-CV,'Nan','Nan'
ISI-160b,ISI-160,Panasonic,Nickel rich,LithiumNickelCobaltAluminiumOxide,PrismaticCase,NCA596080,Active,PrismaticCase,300,80,506,212,3.95,4.2,3.6,2.75,3.94,3.94,0.5,67,,2.758,2.758,0.8,'Nan',60,80,5.85,'Nan',,x,,-,,CC-CV,'Nan','Nan'
ISI-161,ISI-161,Samsung,Nickel rich,LithiumNickelManganeseCobaltOxide,CylindricalCase,INR21700-30T,Active,CylindricalCase,250,60,'Nan','Nan',3,4.2,3.6,2.5,0.6,35,12,69,,4,1.5,1.5,'Nan','Nan',70.3,,21.22,,x,,Version No. 2.0,,CC-CV,'Nan','Nan'
ISI-162,ISI-162,Hypercell,,,CylindricalCase,NCR20700,Active,CylindricalCase,300,70,'Nan','Nan',4.25,4.25,3.6,2.5,0.85,3.4,'Nan',70,,4.05,2.125,'Nan','Nan','Nan',74,,20.5,2018,x,,29.09.2018,,CC-CV,0.02,'Nan'
ISI-163,ISI-163,Panasonic,,,PouchCase,UPF673791,Active,PrismaticCase,500,80,449,202,2.9,4.2,3.7,2.75,2.9,2.9,1,51,,2.9,2.9,1,'Nan',37.3,91.7,6.7,'Nan',,x,,-,,CC-CV,0.02,'Nan'
ISI-164,ISI-164,Kokam,,,PouchCase,SLPB65216216,Active,PrismaticCase,800,80,'Nan','Nan',30,4.2,3.7,2.7,30,150,0.5,700,,30,30,0.5,'Nan',220,215,6.8,'Nan',,x,,-,,CC-CV,'Nan',80
ISI-165,ISI-165,Kokam,,,PouchCase,SLPB90216216,Active,PrismaticCase,800,80,'Nan','Nan',40,4.2,3.7,2.7,40,200,0.5,935,,40,40,0.5,'Nan',220,215,9,'Nan',,x,,-,,CC-CV,'Nan',80
ISI-166,ISI-166,Kokam,,,PouchCase,SLPB53460330,Active,PrismaticCase,800,80,'Nan','Nan',70,4.2,3.7,2.7,70,350,0.5,1700,,70,70,0.5,'Nan',325,455,5.3,'Nan',,x,,-,,CC-CV,'Nan',80
ISI-167,ISI-167,Kokam,,,PouchCase,SLPB30205130H,Active,PrismaticCase,800,80,'Nan','Nan',5,4.2,3.7,2.7,25,50,0.5,164,,10,10,0.5,'Nan',130,206,3.1,'Nan',,x,,-,,CC-CV,'Nan',80
ISI-168,ISI-168,Kokam,,,PouchCase,SLPB41205130H,Active,PrismaticCase,800,80,'Nan','Nan',7.5,4.2,3.7,2.7,37.5,75,0.5,226,,15,15,0.5,'Nan',130,206,4.2,'Nan',,x,,-,,CC-CV,'Nan',80
ISI-169,ISI-169,Kokam,,,PouchCase,SLPB11043140H,Active,PrismaticCase,500,80,'Nan','Nan',4.8,4.2,3.7,2.7,96,192,0.5,115,,14.4,14.4,0.5,'Nan',140,42.5,11,'Nan',,x,,-,,CC-CV,'Nan',80
ISI-170,ISI-170,Kokam,,,PouchCase,SLPB45205130P,Active,PrismaticCase,800,80,'Nan','Nan',7.2,4.2,3.7,2.7,14.4,144,0.5,226,,21.6,21.6,0.5,'Nan',130,206,4.5,'Nan',,x,,-,,CC-CV,'Nan',80
ISI-171,ISI-171,ENERTECH,Nickel rich,LithiumNickelManganeseCobaltOxide and LithiumNickelCobaltAluminiumOxide,PouchCase,SPB 58253172P4,Active,PrismaticCase,2000,80,366,185,25,4.2,3.7,2.7,12.5,75,1,500,,125,12.5,1,'Nan',253,5.8,172,'Nan',2020,x,,-,,CC-CV,'Nan','Nan'
ISI-172,ISI-172,Amita Technologies,Nickel rich,LithiumNickelManganeseCobaltOxide,PrismaticCase,120155250NH - NH04,Active,PrismaticCase,3000,80,398,199,50,4.2,3.7,2.8,9,180,1,930,,180,9,3,'Nan',251,12.5,157,'Nan',2020,x,,18.06.2020,,CC-CV,0.05,'Nan'
ISI-173,ISI-173,BMZ_TerraE,Nickel rich,,CylindricalCase,INR 21700 58 E,Active,CylindricalCase,800,80,'Nan','Nan',5.7,4.2,3.6,2.75,1.14,15,1,75,,5.7,1.14,0.5,'Nan','Nan',70.9,,21.7,2022,x,x,24.02.2022,,CC-CV,0.02,'Nan'
ISI-174,ISI-174,Yinglong,Lithium Titanate,LithiumTitanate,CylindricalCase,LithiumTitanate 9Ah,Active,CylindricalCase,16000,80,170,76,9,2.7,2.3,1.5,1.8,90,1,270,,90,1.8,1,'Nan','Nan',140,,33.2,2022,x,,,,CC-CV,'Nan','Nan'
ISI-175,ISI-175,Yinglong,Lithium Titanate,LithiumTitanate,CylindricalCase,LithiumTitanate 40Ah,Active,CylindricalCase,25000,80,128,76,40,2.7,2.3,1.5,8,240,1,1210,,240,8,1,'Nan','Nan',161,,66,2022,x,,,,CC-CV,'Nan','Nan'
ISI-176,ISI-176,Yinglong,Lithium Titanate,LithiumTitanate,CylindricalCase,LithiumTitanate 45Ah,Active,CylindricalCase,25000,80,144,80,45,2.7,2.3,1.5,9,225,1,1270,,225,9,1,'Nan','Nan',161,,66,2022,x,,,,CC-CV,'Nan','Nan'
ISI-177,ISI-177,Yinglong,Lithium Titanate,LithiumTitanate,PrismaticCase,LithiumTitanate 30Ah,Active,PrismaticCase,16000,80,152,67,30,2.7,2.3,1.5,6,180,1,1030,,180,6,1,'Nan','Nan',173,28.5,97,2022,x,,,,CC-CV,'Nan','Nan'
ISI-178,ISI-178,Yinglong,Lithium Titanate,LithiumTitanate,PrismaticCase,LithiumTitanate 33Ah,Active,PrismaticCase,16000,80,142,61,33,2.7,2.3,1.5,6.6,198,1,1245,,198,6.6,1,'Nan','Nan',205,21,130,2022,x,,,,CC-CV,'Nan','Nan'
ISI-179,ISI-179,Yinglong,Lithium Titanate,LithiumTitanate,PouchCase,LithiumTitanate 68Ah,Active,PrismaticCase,25000,80,182,81,68,2.7,2.3,1.5,13.6,476,1,1880,,476,13.6,1,'Nan','Nan',263,12.6,256,2022,x,,,,CC-CV,'Nan','Nan'
ISI-180,ISI-180,ELERIX,Lithium Titanate,LithiumTitanate,PrismaticCase,EX-T30K,Active,PrismaticCase,16000,80,147,68,30,2.7,2.3,1.5,6,180,1,1030,,180,6,1,'Nan','Nan',173,28,97,2022,x,,,,CC-CV,'Nan','Nan'
ISI-183,ISI-183,EVE Energy,Nickel rich,LithiumNickelManganeseCobaltOxide,PouchCase,D11,Active,PrismaticCase,3000,80,'Nan',210,43,4.2,3.63,2.7,8.6,137.6,'Nan',743,,43,8.6,'Nan','Nan',188,10.8,174,'Nan',2022,,x,,,CC-CV,'Nan','Nan'
ISI-184,ISI-184,EVE Energy,Nickel rich,LithiumNickelManganeseCobaltOxide,PouchCase,D12,Active,PrismaticCase,3000,80,'Nan',200,30,4.2,3.68,2.7,6,90,'Nan',552,,30,6,'Nan','Nan',227,7.2,165,'Nan',2022,,x,,,CC-CV,'Nan','Nan'
ISI-185,ISI-185,EVE Energy,Nickel rich,LithiumNickelManganeseCobaltOxide,PouchCase,D13,Active,PrismaticCase,3000,80,'Nan',235,51,4.2,3.7,2.7,10.2,102,'Nan',800,,51,10.2,'Nan','Nan',227,10.5,165,'Nan',2022,,x,,,CC-CV,'Nan','Nan'
ISI-186,ISI-186,EVE Energy,Nickel rich,LithiumNickelManganeseCobaltOxide,PouchCase,D21,Active,PrismaticCase,3000,80,'Nan',260,52,4.2,3.7,2.7,10.4,104,'Nan',740,,52,10.4,'Nan','Nan',305,11.5,102,'Nan',2022,,x,,,CC-CV,'Nan','Nan'
ISI-187,ISI-187,EVE Energy,Nickel rich,LithiumNickelManganeseCobaltOxide,PrismaticCase,INP42P,Active,PrismaticCase,2000,80,'Nan','Nan',42,4.2,3.65,2.7,8.4,84,1,740,,42,8.4,1,'Nan',148,27,97,'Nan',2022,,x,,,CC-CV,'Nan','Nan'
ISI-188,ISI-188,EVE Energy,Nickel rich,LithiumNickelManganeseCobaltOxide,PrismaticCase,INP50E,Active,PrismaticCase,2000,80,'Nan','Nan',50,4.2,3.65,2.7,10,100,1,880,,50,10,1,'Nan',148,27,97,'Nan',2022,,x,,,CC-CV,'Nan','Nan'
ISI-189,ISI-189,EVE Energy,Nickel rich,LithiumNickelManganeseCobaltOxide,PrismaticCase,INP60E,Active,PrismaticCase,2000,80,'Nan','Nan',60,4.2,3.65,2.7,12,120,1,870,,60,12,1,'Nan',148,27,97,'Nan',2022,,x,,,CC-CV,'Nan','Nan'
ISI-190,ISI-190,EVE Energy,Nickel rich,LithiumNickelManganeseCobaltOxide,PrismaticCase,INP72P,Active,PrismaticCase,2000,80,'Nan','Nan',72,4.2,3.65,2.7,14.4,144,1,1300,,72,14.4,1,'Nan',148,39,97,'Nan',2022,,x,,,CC-CV,'Nan','Nan'
ISI-191,ISI-191,EVE Energy,Nickel rich,LithiumNickelManganeseCobaltOxide,PrismaticCase,INP80E,Active,PrismaticCase,2000,80,'Nan','Nan',80,4.2,3.65,2.7,16,160,1,1320,,80,16,1,'Nan',148,39,97,'Nan',2022,,x,,,CC-CV,'Nan','Nan'
ISI-192,ISI-192,EVE Energy,Lithium Iron Phosphate,LithiumIronPhosphate,PrismaticCase,LF50,Active,PrismaticCase,3500,80,'Nan','Nan',50,3.65,3.2,2,10,50,1,1380,,50,10,1,'Nan',185,30,135,'Nan',2022,,x,,,CC-CV,'Nan','Nan'
ISI-193,ISI-193,EVE Energy,Lithium Iron Phosphate,LithiumIronPhosphate,PrismaticCase,LF56K,Active,PrismaticCase,3500,80,'Nan','Nan',56,3.65,3.2,2,11.2,56,1,1450,,56,11.2,1,'Nan',185,30,135,'Nan',2022,,x,,,CC-CV,'Nan','Nan'
ISI-194,ISI-194,EVE Energy,Lithium Iron Phosphate,LithiumIronPhosphate,PrismaticCase,LF75,Active,PrismaticCase,3500,80,'Nan','Nan',75,3.65,3.2,2,15,75,1,1880,,75,15,1,'Nan',200,36,130,'Nan',2022,,x,,,CC-CV,'Nan','Nan'
SDL-01248,SDL-01248,Saft,Nickel rich,LithiumNickelManganeseCobaltOxide and LithiumNickelCobaltAluminiumOxide,CylindricalCase,VL 34570,Active,CylindricalCase,500,70,380,160,5.4,4.2,3.7,2.5,1.1,11,'Nan',125,52.8197,5.4,1.1,'Nan','Nan','Nan',59.43,,34.2,2007,x,,07.2019,,CC-CV,'Nan',100
SDL-02926,SDL-02926,Kokam,Nickel rich,LithiumNickelManganeseCobaltOxide,PouchCase,SLPB50106100,Active,PrismaticCase,800,80,'Nan','Nan',5,4.2,3.7,2.7,2.5,10,1,115,53,5,1,1,'Nan',106,5,100,'Nan',,x,,-,,CC-CV,'Nan',80
SDL-02927,SDL-02927,Kokam,Nickel rich,LithiumNickelManganeseCobaltOxide,PouchCase,SLPB75106100,Active,PrismaticCase,800,80,'Nan',173,7.5,4.2,3.7,2.7,3.75,15,1,155,79.5,7.5,1.5,1,'Nan',106,7.5,100,'Nan',,x,,-,,CC-CV,'Nan',80
SDL-02928,SDL-02928,Kokam,Nickel rich,LithiumNickelManganeseCobaltOxide,PouchCase,SLPB75106205,Active,PrismaticCase,800,80,'Nan',174,16,4.2,3.7,2.7,8,16,1,330,162.975,16,3.2,1,'Nan',205,7.5,106,'Nan',,x,,-,,CC-CV,'Nan',80
SDL-02929,SDL-02929,Kokam,Nickel rich,LithiumNickelManganeseCobaltOxide,PouchCase,SLPB60216216,Active,PrismaticCase,800,80,'Nan',154,25,4.2,3.7,2.7,12.5,25,0.5,620,307.45,25,5,0.5,'Nan',220,6.5,215,'Nan',,x,,-,,CC-CV,'Nan',80
SDL-02933,SDL-02933,Kokam,Nickel rich,LithiumNickelManganeseCobaltOxide,PouchCase,SLPB70460330,Active,PrismaticCase,800,80,'Nan',179,100,4.2,3.7,2.7,50,100,0.5,2320,1064.7,100,20,0.5,'Nan',455,7.2,325,'Nan',,x,,-,,CC-CV,'Nan',80
SDL-02945,SDL-02945,Kokam,Nickel rich,LithiumNickelManganeseCobaltOxide,PouchCase,SLPB55205130H,Active,PrismaticCase,800,80,'Nan',145,11,4.2,3.7,2.7,5.5,55,0.5,292,149.968,22,2.2,0.5,'Nan',206,5.6,130,'Nan',,x,,-,,CC-CV,'Nan',80
SDL-02946,SDL-02946,Kokam,Nickel rich,LithiumNickelManganeseCobaltOxide,PouchCase,SLPB78216216H,Active,PrismaticCase,800,80,'Nan',158,31,4.2,3.7,2.7,15.5,155,0.5,860,397.32,62,6.2,0.5,'Nan',220,8.4,215,'Nan',,x,,-,,CC-CV,'Nan',80
SDL-02948,SDL-02948,Kokam,Nickel rich,LithiumNickelManganeseCobaltOxide,PouchCase,SLPB60460330H,Active,PrismaticCase,800,80,'Nan',149,70,4.2,3.7,2.7,35,350,0.5,1950,857.675,140,14,0.5,'Nan',455,5.8,325,'Nan',,x,,-,,CC-CV,'Nan',80
SDL-02949,SDL-02949,Kokam,Nickel rich,LithiumNickelManganeseCobaltOxide,PouchCase,SLPB80460330H,Active,PrismaticCase,800,80,'Nan',155,100,4.2,3.7,2.7,50,500,0.5,2700,1197.7875,200,20,0.5,'Nan',455,8.1,325,'Nan',,x,,-,,CC-CV,'Nan',80
SDL-02950,SDL-02950,Kokam,Nickel rich,LithiumNickelManganeseCobaltOxide,PouchCase,SPLB160460330H,Active,PrismaticCase,800,80,'Nan',162,200,4.2,3.7,2.7,100,400,0.5,5260,2513.875,200,40,0.5,'Nan',455,17,325,'Nan',,x,,-,,CC-CV,'Nan',80
SDL-03609,SDL-03609,HYB Battery Co,,,PrismaticCase,IMP206990S,Active,PrismaticCase,400,80,'Nan','Nan',9,4.2,3.7,3,3,27,0.33,310,144.9,4.5,1.8,0.33,'Nan',103,20,69,'Nan',,x,,File No: QP–09–E302 ,,CC-CV,0.02,80
SDL-03617,SDL-03617,HYB Battery Co,,,PrismaticCase,IMP50110140S,Active,PrismaticCase,400,80,'Nan','Nan',60,4.2,3.6,3,12,30,0.33,1850,852.5,30,12,0.33,'Nan',155,50.5,110,'Nan',,x,,-,,CC-CV,0.01,80
SDL-05872,SDL-05872,Advanced Electronics Energy,,,PouchCase,AE8867220PMHRE,Active,PrismaticCase,300,80,'Nan','Nan',10.5,4.2,3.7,2.75,1.94,19.4,0.5,258,129.712,9.7,4.85,0.5,'Nan',220,8.8,67,'Nan',2006,x,,,,CC-CV,0.02,90
SDL-06597,SDL-06597,Yoku Energy (Shenzhen) Co,,,PouchCase,656096,Active,PrismaticCase,300,75,'Nan','Nan',3.6,4.2,3.7,2.75,0.72,3.6,0.2,74,37.44,1.8,0.72,0.2,'Nan',96,6.5,60,'Nan',2011,x,,19.01.2011,,CC-CV,0.05,90
SDL-06600,SDL-06600,Yoku Energy (Shenzhen) Co,,,PouchCase,8235135,Active,PrismaticCase,300,80,'Nan','Nan',3.5,4.2,3.7,2.75,0.7,,0.2,71,38.745,1.75,0.72,0.2,'Nan',136,8.2,35.5,'Nan',2008,x,,10.09.2008,,CC-CV,0.05,'Nan'
SDL-06638,SDL-06638,Yoku Energy (Shenzhen) Co,,,PouchCase,6567100,Active,PrismaticCase,300,75,'Nan','Nan',4,4.2,3.7,2.75,0.75,4,0.2,82,43.55,4,0.75,0.2,'Nan',101,6.7,67.5,'Nan',2011,x,,19.01.2011,,CC-CV,0.05,'Nan'
SDL-06646,SDL-06646,Yoku Energy (Shenzhen) Co,,,PouchCase,7545135,Active,PrismaticCase,300,80,'Nan','Nan',4.2,4.2,3.7,2.75,0.84,4.2,0.2,78,45.5625,4.2,0.84,0.2,'Nan',135,7.5,45,'Nan',2008,x,,25.10.2008,,CC-CV,0.05,'Nan'
SDL-07227,SDL-07227,ATL Amperex Technology,,,PouchCase,5080122,Active,PrismaticCase,500,80,'Nan','Nan',4.53,4.2,3.7,3,0.906,,0.5,106,50.752,4.53,2.26,0.5,'Nan',122,5.2,80,'Nan',2008,,x,11.12.2008,,CC-CV,'Nan','Nan'
SDL-07234,SDL-07234,ATL Amperex Technology,,,PouchCase,8235138,Active,PrismaticCase,500,80,'Nan','Nan',3.8,4.2,3.7,3,0.76,3.8,0.2,85,41.055,3.8,1.9,0.2,'Nan',138,8.5,35,'Nan',2008,,x,11.12.2008,,CC-CV,'Nan','Nan'
SDL-07236,SDL-07236,ATL Amperex Technology,,,PouchCase,8045135,Active,PrismaticCase,500,80,'Nan','Nan',4.4,4.2,3.7,3,0.88,4.4,0.2,95,48.6,4.4,2.2,0.2,'Nan',135,8,45,'Nan',2008,,x,11.12.2008,,CC-CV,'Nan','Nan'
SDL-07237,SDL-07237,ATL Amperex Technology,,,PouchCase,8845135,Active,PrismaticCase,500,80,'Nan','Nan',4.75,4.2,3.7,3,0.95,4.75,0.2,105,54.675,4.75,2.375,0.2,'Nan',135,9,45,'Nan',2008,,x,11.12.2008,,CC-CV,'Nan','Nan'
SDL-07238,SDL-07238,ATL Amperex Technology,,,PouchCase,5048168,Active,PrismaticCase,300,80,'Nan','Nan',3.8,4.2,3.7,3,0.76,3.8,0.2,85,41.405,3.8,1.9,0.2,'Nan',169,5,49,'Nan',2008,,x,16.12.2008,,CC-CV,'Nan','Nan'
SDL-07239,SDL-07239,ATL Amperex Technology,,,PouchCase,6048168,Active,PrismaticCase,300,80,'Nan','Nan',4.2,4.2,3.7,3,0.84,4.2,0.2,100,49.686,4.2,2.1,0.2,'Nan',169,6,49,'Nan',2008,,x,16.12.2008,,CC-CV,'Nan','Nan'
SDL-07240,SDL-07240,ATL Amperex Technology,,,PouchCase,7048168,Active,PrismaticCase,300,80,'Nan','Nan',5.5,4.2,3.7,3,1.1,5.5,0.2,113,62.9356,5.5,2.75,0.2,'Nan',169,7.6,49,'Nan',2008,,x,16.12.2008,,CC-CV,'Nan','Nan'
SDL-09564,SDL-09564,Saft,Nickel rich,LithiumNickelManganeseCobaltOxide and LithiumNickelCobaltAluminiumOxide,CylindricalCase,VL 12 V,Active,CylindricalCase,2000,80,175,74,12,4.1,3.6,2.75,12,1500,'Nan',640,270,180,12,'Nan','Nan','Nan',173,,47,2007,x,,02.2007,,CC-CV,0.01,100
SDL-09565,SDL-09565,Saft,Nickel rich,LithiumNickelManganeseCobaltOxide and LithiumNickelCobaltAluminiumOxide,CylindricalCase,VL 34480,Active,CylindricalCase,500,70,380,160,4.4,4.2,3.7,2.5,0.9,8.8,'Nan',103,45.8282,4.4,1.1,'Nan','Nan','Nan',50.8,,33.9,2007,x,,11.2007,,CC-CV,'Nan',100
SDL-09566,SDL-09566,Saft,Nickel rich,LithiumNickelManganeseCobaltOxide and LithiumNickelCobaltAluminiumOxide,CylindricalCase,VL 37570,Active,CylindricalCase,500,70,385,175,7,4.2,3.7,2.5,1.4,14,'Nan',149,65.3326,7,1.4,'Nan','Nan','Nan',59.5,,37.4,2007,x,,11.2007,,CC-CV,'Nan',100
SDL-12690,SDL-12690,General Electronics Battery Co,,,CylindricalCase,GEB32650,Active,CylindricalCase,600,80,'Nan','Nan',6,4.2,3.7,2.75,3,6,0.2,140,52.2496,3,1.2,0.2,'Nan','Nan',66.5,,32.5,2018,x,,06.03.2019,,CC-CV,'Nan',100
SDL-12800,SDL-12800,Saft,Nickel rich,LithiumNickelManganeseCobaltOxide and LithiumNickelCobaltAluminiumOxide,CylindricalCase,VL 4V,Active,CylindricalCase,2000,80,100,50,4.4,4.1,3.6,2.5,4.4,500,1,320,161.0466,66,4.4,1,'Nan','Nan',175.4,,34.2,2007,x,,04.2007,,CC-CV,0.01,100
SDL-12801,SDL-12801,Saft,Nickel rich,LithiumNickelManganeseCobaltOxide and LithiumNickelCobaltAluminiumOxide,CylindricalCase,VL 6A,Active,CylindricalCase,5000,80,'Nan','Nan',6,4.1,3.65,2,12,750,'Nan',340,158.6681,90,6,'Nan','Nan','Nan',165,,35,2007,x,,09.2007,,CC-CV,0.01,100
SDL-12802,SDL-12802,Saft,Nickel rich,LithiumNickelManganeseCobaltOxide and LithiumNickelCobaltAluminiumOxide,CylindricalCase,VL 8V,Active,CylindricalCase,2000,80,122,65,8.5,4.1,3.6,2.5,8.5,1000,'Nan',470,252.0227,127.5,8.5,'Nan','Nan','Nan',182,,42,2007,x,,04.2007,,CC-CV,0.01,100
SDL-14721,SDL-14721,E-One Moli Energy (Canada) Limited,,,CylindricalCase,IBR-26700A,Active,CylindricalCase,500,80,335,135,3.5,4.2,3.75,2.5,0.7,15,2.9,95,38.298,3.7,0.7,2.9,'Nan','Nan',70,,26.4,2006,x,,09.2006,,CC-CV,'Nan','Nan'
SDL-14857,SDL-14857,Saft,Nickel rich,LithiumNickelManganeseCobaltOxide and LithiumNickelCobaltAluminiumOxide,CylindricalCase,VL 32600-125,Active,CylindricalCase,200,70,'Nan','Nan',4.5,4.1,3.6,2.5,0.9,2.3,0.2,139,55.5009,2,0.9,0.2,'Nan','Nan',61.85,,32.05,2010,x,,01.2010,,CC-CV,'Nan',100
SDL-14876,SDL-14876,Saft,Nickel rich,LithiumNickelManganeseCobaltOxide and LithiumNickelCobaltAluminiumOxide,CylindricalCase,VL 34P,Active,CylindricalCase,2000,80,280,120,33,4.1,3.6,2.5,33,500,0.5,940,410,16.5,16.25,0.5,'Nan','Nan',195,,54,2007,x,,06.2007,,CC-CV,'Nan',100
SDL-14955,SDL-14955,Wuhan Lisun Power Corp. Ltd,,,PrismaticCase,IMP225054S,Active,PrismaticCase,400,80,'Nan','Nan',3.5,4.2,3.7,2.75,0.7,3.5,1,155,67.116,1,0.7,1,'Nan',56,23.5,51,'Nan',2006,x,,File No.:Q/LX.S.E.04.022-2006 ,,CC-CV,0.02,'Nan'
SDL-14956,SDL-14956,Wuhan Lisun Power Corp. Ltd,,,PrismaticCase,IMP225058S,Active,PrismaticCase,500,80,'Nan','Nan',4,4.2,3.7,2.75,0.8,4,1,160,71.91,1,0.8,1,'Nan',60,23.5,51,'Nan',2006,x,,File No.:Q/LX.S.E.04.021-2006 ,,CC-CV,0.02,'Nan'
SDL-14957,SDL-14957,Wuhan Lisun Power Corp. Ltd,,,PrismaticCase,ICP174167S,Active,PrismaticCase,500,80,'Nan','Nan',4,4.2,3.7,2.75,0.8,1,1,130,53.613,1,0.8,1,'Nan',69,18.5,42,'Nan',2006,x,,File No.:Q/LX.S.E.04.002-2006 ,,CC-CV,0.02,'Nan'
SDL-14958,SDL-14958,Wuhan Lisun Power Corp. Ltd,,,PrismaticCase,ICP254145S,Active,PrismaticCase,500,80,'Nan','Nan',4,4.2,3.7,2.75,0.8,2,1,115,52.311,1,0.8,1,'Nan',47,25.5,41.5,'Nan',2006,x,,File No.:Q/LX.S.E.04.024-2006 ,,CC-CV,0.02,'Nan'
SDL-14959,SDL-14959,Wuhan Lisun Power Corp. Ltd,,,PrismaticCase,ICP225054S,Active,PrismaticCase,500,80,'Nan','Nan',5,4.2,3.7,2.75,1,1,1,155,67.116,1,1,1,'Nan',56,23.5,51,'Nan',2006,x,,,,CC-CV,0.02,'Nan'
SDL-14960,SDL-14960,Wuhan Lisun Power Corp. Ltd,,,PrismaticCase,IMP225069S,Active,PrismaticCase,500,80,'Nan','Nan',5,4.2,3.7,2.75,1,1,1,195,85.0935,1,1,1,'Nan',71,23.5,51,'Nan',2006,x,,File No.:Q/LX.S.E.04.008-2006 ,,CC-CV,0.02,'Nan'
SDL-14961,SDL-14961,Wuhan Lisun Power Corp. Ltd,,,PrismaticCase,ICP226769S,Active,PrismaticCase,500,80,'Nan','Nan',6.5,4.2,3.7,2.75,1.3,3,1,235,113.458,1,1.3,1,'Nan',71,23.5,68,'Nan',2006,x,,,,CC-CV,0.02,'Nan'
SDL-14962,SDL-14962,Wuhan Lisun Power Corp. Ltd,,,PrismaticCase,ICP225069S,Active,PrismaticCase,500,80,'Nan','Nan',7,4.2,3.7,2.75,1.4,1.4,1,195,85.0935,1.4,1.4,1,'Nan',71,23.5,51,'Nan',2006,x,,File No.:Q/LX.S.E.04.006-2006 ,,CC-CV,0.02,'Nan'
SDL-14963,SDL-14963,Wuhan Lisun Power Corp. Ltd,,,PrismaticCase,ICP226754M,Active,PrismaticCase,500,80,'Nan','Nan',7,4.2,3.7,2.75,7,7,1,210,110.262,7,7,1,'Nan',69,23.5,68,'Nan',2006,x,,File No.:Q/LX.S.E.04.016-2006 ,,CC-CV,0.02,'Nan'
SDL-14964,SDL-14964,Wuhan Lisun Power Corp. Ltd,,,PrismaticCase,ICP226769S,Active,PrismaticCase,500,80,'Nan','Nan',9,4.2,3.7,2.75,1.8,1.8,1,235,113.458,1.8,1.8,1,'Nan',71,23.5,68,'Nan',2006,x,,File No.:Q/LX.S.E.04.010-2006 ,,CC-CV,0.02,'Nan'
SDL-14965,SDL-14965,Wuhan Lisun Power Corp. Ltd,,,PrismaticCase,ICP257054M,Active,PrismaticCase,500,80,'Nan','Nan',9,4.2,3.7,2.75,9,9,1,250,129.8235,9,9,1,'Nan',71,26.5,69,'Nan',2006,x,,File No.:Q/LX.S.E.04.018-2006 ,,CC-CV,0.02,'Nan'
SDL-16572,SDL-16572,Saft,Nickel rich,LithiumNickelManganeseCobaltOxide and LithiumNickelCobaltAluminiumOxide,CylindricalCase,VL 52E,Active,CylindricalCase,500,80,392,178,52,4.1,3.6,2.75,10.4,52,1,1000,476.1245,52,5.2,1,'Nan','Nan',208,,54,,x,,,,CC-CV,0.01,100
SDL-16776,SDL-16776,Kayo battery co.. ltd,Lithium Iron Phosphate,LithiumIronPhosphate,CylindricalCase,KFL 32650-10P,Active,CylindricalCase,2000,80,'Nan','Nan',3.8,3.65,3.2,2.5,0.76,38,0.5,120,53.8952,3.8,1.52,0.5,'Nan','Nan',65,,32.5,2008,x,,,,CC-CV,'Nan','Nan'
SDL-16777,SDL-16777,Kayo battery co.. ltd,Lithium Iron Phosphate,LithiumIronPhosphate,CylindricalCase,KFL 32650,Active,CylindricalCase,2000,80,'Nan','Nan',4,3.65,3.2,2.5,0.8,12,0.5,125,53.8952,4,1.6,0.5,'Nan','Nan',65,,32.5,2008,x,,,,CC-CV,,
SDL-16819,SDL-16819,GS Yuasa Technology,Lithium Cobalt Oxide,LCO,PrismaticCase,LVP10,Active,PrismaticCase,500,80,195,87,11.5,4.2,3.7,3,1.15,57.5,'Nan',490,218.4,11.5,2.3,'Nan','Nan',130,21,80,'Nan',,x,,-,,CC-CV,,
SDL-16835a,SDL-16835,EAS Batteries,Nickel rich,LithiumNickelCobaltAluminiumOxide,CylindricalCase,HP-601300 LithiumNickelCobaltAluminiumOxide,Active,CylindricalCase,1000,80,264,99,27,4.2,3.6,2.7,54,270,0.5,980,449.334,162,27,0.5,'Nan','Nan',159,,60,2009,x,,06.2009,,CC-CV,0.01,100
SDL-16835b,SDL-16835,EAS Batteries,Nickel rich,LithiumNickelCobaltAluminiumOxide,CylindricalCase,HP-601300 LithiumNickelCobaltAluminiumOxide,Active,CylindricalCase,2000,60,264,99,27,4.2,3.6,2.7,54,270,0.5,980,449.334,162,27,0.5,'Nan','Nan',159,,60,2009,x,,06.2009,,CC-CV,0.01,100
SDL-18448,SDL-18448,Saft,Nickel rich,LithiumNickelManganeseCobaltOxide and LithiumNickelCobaltAluminiumOxide,PrismaticCase,MP174565,Active,PrismaticCase,600,70,423,175,4.8,4.2,3.75,2.5,1,10,0.5,103,42.5,5,1,1,'Nan',70,18.1,45.5,'Nan',2009,x,,09.2009,,CC-CV,'Nan',100
SDL-18449,SDL-18449,Saft,Nickel rich,LithiumNickelManganeseCobaltOxide and LithiumNickelCobaltAluminiumOxide,PrismaticCase,MP174865 IS,Active,PrismaticCase,850,70,335,140,4.8,4.1,3.65,2.5,1.1,10,0.5,124,52,5,0.58,0.5,'Nan',65,19,48,'Nan',2007,x,,11.2007,,CC-CV,'Nan',100
SDL-18452,SDL-18452,Saft,Nickel rich,LithiumNickelManganeseCobaltOxide and LithiumNickelCobaltAluminiumOxide,CylindricalCase,VL 48E,Active,CylindricalCase,500,80,300,150,48,4.1,3.6,2.5,4.8,100,'Nan',1150,572.265,48,4.8,'Nan','Nan','Nan',245,,54,2007,x,,09.2007,,CC-CV,'Nan',100
SDL-18653,SDL-18653,Saft,Lithium Iron Phosphate,LithiumIronPhosphate,CylindricalCase,VL 10VFE,Active,CylindricalCase,600,80,128,54,10,3.65,3.3,2.5,10,1500,'Nan',600,270,10,1,'Nan','Nan','Nan',173,,47,2007,x,,02.2007,,CC-CV,'Nan','Nan'
SDL-18654,SDL-18654,Saft,Lithium Iron Phosphate,LithiumIronPhosphate,CylindricalCase,VL 25PFE,Active,CylindricalCase,2500,75,189,89,25,3.65,3.3,2.5,25,500,0.5,940,451.3401,12.5,5,0.5,'Nan','Nan',195,,54,2007,x,,08.2007,,CC-CV,'Nan','Nan'
SDL-20110,SDL-20110,Eemb Co,Lithium Cobalt Oxide,ambigious - LCO,PouchCase,LP6545135,Active,PrismaticCase,500,80,'Nan','Nan',3.8,4.2,3.7,2.7,0.76,7.6,0.5,82,39.4875,1.75,0.76,0.5,'Nan',135,6.5,45,'Nan',,x,,-,,CC-CV,'Nan','Nan'
SDL-20112a,SDL-20112,Eemb Co,Lithium Cobalt Oxide,ambigious - LCO,PouchCase,LP8545135-PCM-LD,Active,PrismaticCase,500,80,'Nan','Nan',5.6,4.2,3.7,2.7,1.12,11.2,0.5,105,51.6375,5.6,1.12,0.5,'Nan',135,8.5,45,'Nan',2015,x,,14.10.2015,,CC-CV,'Nan','Nan'
SDL-20112b,SDL-20112,Eemb Co,Lithium Cobalt Oxide,ambigious - LCO,PouchCase,LP8545135-PCM-LD,Active,PrismaticCase,800,80,'Nan','Nan',5.6,4.2,3.7,2.7,1.12,11.2,0.2,105,51.6375,5.6,1.12,0.2,'Nan',135,8.5,45,'Nan',2015,x,,14.10.2015,,CC-CV,'Nan','Nan'
SDL-20131a,SDL-20131,Eemb Co,Lithium Cobalt Oxide,ambigious - LCO,PouchCase,LP6548166,Active,PrismaticCase,500,80,'Nan','Nan',5.6,4.2,3.7,2.7,1.12,11.2,0.5,112,51.792,5.6,1.12,0.5,'Nan',166,6.5,48,'Nan',2018,x,,03.11.2020,,CC-CV,'Nan','Nan'
SDL-20131b,SDL-20131,Eemb Co,Lithium Cobalt Oxide,ambigious - LCO,PouchCase,LP6548166,Active,PrismaticCase,800,80,'Nan','Nan',5.6,4.2,3.7,2.7,1.12,11.2,0.2,112,51.792,5.6,1.12,0.2,'Nan',166,6.5,48,'Nan',2018,x,,03.11.2020,,CC-CV,'Nan','Nan'
SDL-20132a,SDL-20132,Eemb Co,Lithium Cobalt Oxide,ambigious - LCO,PouchCase,LP6848166,Active,PrismaticCase,500,80,'Nan','Nan',5.2,4.2,3.7,2.7,1.04,10.4,0.5,110,54.1824,5.2,1.04,0.5,'Nan',166,6.8,48,'Nan',2017,x,,03.11.2020,,CC-CV,'Nan','Nan'
SDL-20132b,SDL-20132,Eemb Co,Lithium Cobalt Oxide,ambigious - LCO,PouchCase,LP6848166,Active,PrismaticCase,800,80,'Nan','Nan',5.2,4.2,3.7,2.7,1.04,10.4,0.2,110,54.1824,5.2,1.04,0.2,'Nan',166,6.8,48,'Nan',2017,x,,03.11.2020,,CC-CV,'Nan','Nan'
SDL-20133a,SDL-20133,Eemb Co,Lithium Cobalt Oxide,ambigious - LCO,PouchCase,LP7548166,Active,PrismaticCase,500,80,'Nan','Nan',6.2,4.2,3.7,2.7,1.24,12.4,0.5,124.5,59.76,6.2,1.24,0.5,'Nan',166,7.5,48,'Nan',2017,x,,28.07.2017,,CC-CV,'Nan','Nan'
SDL-20133b,SDL-20133,Eemb Co,Lithium Cobalt Oxide,ambigious - LCO,PouchCase,LP7548166,Active,PrismaticCase,800,80,'Nan','Nan',6.2,4.2,3.7,2.7,1.24,12.4,0.2,124.5,59.76,6.2,1.24,0.2,'Nan',166,7.5,48,'Nan',2017,x,,28.07.2017,,CC-CV,'Nan','Nan'
SDL-20149a,SDL-20149,Eemb Co,Lithium Cobalt Oxide,ambigious - LCO,PouchCase,LP855085-PCM-NTC-LD,Active,PrismaticCase,500,80,'Nan','Nan',3.9,4.2,3.7,2.7,0.78,7.8,0.5,78,36.125,3.9,0.78,0.5,'Nan',85,8.5,50,'Nan',2015,x,,,,CC-CV,'Nan','Nan'
SDL-20149b,SDL-20149,Eemb Co,Lithium Cobalt Oxide,ambigious - LCO,PouchCase,LP855085-PCM-NTC-LD,Active,PrismaticCase,800,80,'Nan','Nan',3.9,4.2,3.7,2.7,0.78,7.8,0.2,78,36.125,3.9,0.78,0.2,'Nan',85,8.5,50,'Nan',2015,x,,,,CC-CV,'Nan','Nan'
SDL-20153a,SDL-20153,Eemb Co,Lithium Cobalt Oxide,ambigious - LCO,PouchCase,LP9051109-PCM-NTC-LD,Active,PrismaticCase,500,80,'Nan','Nan',5.5,4.2,3.7,2.7,1.1,11,0.5,110,50.031,5.5,1.1,0.5,'Nan',109,9,51,'Nan',2018,x,,,,CC-CV,'Nan','Nan'
SDL-20153b,SDL-20153,Eemb Co,Lithium Cobalt Oxide,ambigious - LCO,PouchCase,LP9051109-PCM-NTC-LD,Active,PrismaticCase,800,80,'Nan','Nan',5.5,4.2,3.7,2.7,1.1,11,0.2,110,50.031,5.5,1.1,0.2,'Nan',109,9,51,'Nan',2018,x,,,,CC-CV,'Nan','Nan'
SDL-20180a,SDL-20180,Eemb Co,Lithium Cobalt Oxide,ambigious - LCO,PouchCase,LP925572,Active,PrismaticCase,500,80,'Nan','Nan',4,4.2,3.7,2.7,0.8,8,0.5,72,36.432,4,0.8,0.5,'Nan',72,9.2,55,'Nan',2017,x,,14.07.2017,,CC-CV,'Nan','Nan'
SDL-20180b,SDL-20180,Eemb Co,Lithium Cobalt Oxide,ambigious - LCO,PouchCase,LP925572,Active,PrismaticCase,800,80,'Nan','Nan',4,4.2,3.7,2.7,0.8,8,0.2,72,36.432,4,0.8,0.2,'Nan',72,9.2,55,'Nan',2017,x,,14.07.2017,,CC-CV,'Nan','Nan'
SDL-20209a,SDL-20209,Eemb Co,Lithium Cobalt Oxide,ambigious - LCO,PouchCase,LP956167-PCM-LD,Active,PrismaticCase,500,80,'Nan','Nan',4,4.2,3.7,2.7,0.8,8,0.5,80,38.8265,4,0.8,0.5,'Nan',67,9.5,61,'Nan',2015,x,,23.09.2015,,CC-CV,'Nan','Nan'
SDL-20209b,SDL-20209,Eemb Co,Lithium Cobalt Oxide,ambigious - LCO,PouchCase,LP956167-PCM-LD,Active,PrismaticCase,800,80,'Nan','Nan',4,4.2,3.7,2.7,0.8,8,0.2,80,38.8265,4,0.8,0.2,'Nan',67,9.5,61,'Nan',2015,x,,23.09.2015,,CC-CV,'Nan','Nan'
SDL-20211a,SDL-20211,Eemb Co,Lithium Cobalt Oxide,ambigious - LCO,PouchCase,LP656194-PCM-LD,Active,PrismaticCase,500,80,'Nan','Nan',4,4.2,3.7,2.7,0.8,8,0.5,80,37.271,4,0.8,0.5,'Nan',94,6.5,61,'Nan',2015,x,,21.01.2015,,CC-CV,'Nan','Nan'
SDL-20211b,SDL-20211,Eemb Co,Lithium Cobalt Oxide,ambigious - LCO,PouchCase,LP656194-PCM-LD,Active,PrismaticCase,800,80,'Nan','Nan',4,4.2,3.7,2.7,0.8,8,0.2,80,37.271,4,0.8,0.2,'Nan',94,6.5,61,'Nan',2015,x,,21.01.2015,,CC-CV,'Nan','Nan'
SDL-20223a,SDL-20223,Eemb Co,Lithium Cobalt Oxide,ambigious - LCO,PouchCase,LP857062-PCM-NTC-LD ,Active,PrismaticCase,500,80,'Nan','Nan',3.8,4.2,3.7,2.7,0.76,7.6,0.5,71.5,36.89,3.8,0.76,0.5,'Nan',70,8.5,62,'Nan',2015,x,,04.03.2015,,CC-CV,'Nan','Nan'
SDL-20223b,SDL-20223,Eemb Co,Lithium Cobalt Oxide,ambigious - LCO,PouchCase,LP857062-PCM-NTC-LD ,Active,PrismaticCase,800,80,'Nan','Nan',3.8,4.2,3.7,2.7,0.76,7.6,0.2,71.5,36.89,3.8,0.76,0.2,'Nan',70,8.5,62,'Nan',2015,x,,04.03.2015,,CC-CV,'Nan','Nan'
SDL-20224a,SDL-20224,Eemb Co,Lithium Cobalt Oxide,ambigious - LCO,PouchCase,LP50100100,Active,PrismaticCase,500,80,'Nan','Nan',4.8,4.2,3.7,2.7,0.96,9.6,0.5,96,50,4.8,0.96,0.5,'Nan',100,5,100,'Nan',2018,x,,02.11.2018,,CC-CV,'Nan','Nan'
SDL-20224b,SDL-20224,Eemb Co,Lithium Cobalt Oxide,ambigious - LCO,PouchCase,LP50100100,Active,PrismaticCase,800,80,'Nan','Nan',4.8,4.2,3.7,2.7,0.96,9.6,0.2,96,50,4.8,0.96,0.2,'Nan',100,5,100,'Nan',2018,x,,02.11.2018,,CC-CV,'Nan','Nan'
SDL-20226,SDL-20226,Eemb Co,Lithium Cobalt Oxide,ambigious - LCO,PouchCase,LP61100100,Active,PrismaticCase,500,80,'Nan','Nan',6.8,4.2,3.7,2.7,1.36,13.6,0.5,124,61,6.4,1.36,0.5,'Nan',100,6.1,100,'Nan',,x,,-,,CC-CV,'Nan','Nan'
SDL-20228a,SDL-20228,Eemb Co,Lithium Cobalt Oxide,ambigious - LCO,PouchCase,LP38103122,Active,PrismaticCase,500,80,'Nan','Nan',5.2,4.2,3.7,2.7,1.04,10.4,0.5,104,47.7508,5.2,1.04,0.5,'Nan',122,3.8,103,'Nan',2014,x,,05.11.2014,,CC-CV,'Nan','Nan'
SDL-20228b,SDL-20228,Eemb Co,Lithium Cobalt Oxide,ambigious - LCO,PouchCase,LP38103122,Active,PrismaticCase,800,80,'Nan','Nan',5.2,4.2,3.7,2.7,1.04,10.4,0.2,104,47.7508,5.2,1.04,0.2,'Nan',122,3.8,103,'Nan',2014,x,,05.11.2014,,CC-CV,'Nan','Nan'
SDL-20231,SDL-20231,Eemb Co,Lithium Cobalt Oxide,ambigious - LCO,PouchCase,LP55103122,Active,PrismaticCase,500,80,'Nan','Nan',6.6,4.2,3.7,2.7,1.32,13.2,0.5,134,69.113,3.3,1.32,0.5,'Nan',122,5.5,103,'Nan',,x,,-,,CC-CV,'Nan','Nan'
SDL-20232,SDL-20232,Eemb Co,Lithium Cobalt Oxide,ambigious - LCO,PouchCase,LP70103122,Active,PrismaticCase,500,80,'Nan','Nan',8.7,4.2,3.7,2.7,1.74,17.4,0.5,173,87.962,4.1,1.74,0.5,'Nan',122,7,103,'Nan',,x,,-,,CC-CV,'Nan','Nan'
SDL-20371a,SDL-20371,Eemb Co,Lithium Cobalt Oxide,ambigious - LCO,PouchCase,LP6848166,Active,PrismaticCase,500,80,'Nan','Nan',5.2,4.2,3.7,2.7,1.04,10.4,0.5,115,54.1824,5.2,1.04,0.5,'Nan',166,6.8,48,'Nan',2017,x,,28.07.2017,,CC-CV,'Nan','Nan'
SDL-20371b,SDL-20371,Eemb Co,Lithium Cobalt Oxide,ambigious - LCO,PouchCase,LP6848166,Active,PrismaticCase,800,80,'Nan','Nan',5.2,4.2,3.7,2.7,1.04,10.4,0.2,115,54.1824,5.2,1.04,0.2,'Nan',166,6.8,48,'Nan',2017,x,,28.07.2017,,CC-CV,'Nan','Nan'
SDL-20382,SDL-20382,Eemb Co,Lithium Cobalt Oxide,ambigious - LCO,PouchCase,LP8867220,Active,PrismaticCase,800,80,'Nan','Nan',10,4.2,3.7,2.7,2,20,1,200,129.712,10,2,1,'Nan',220,8.8,67,'Nan',2015,x,,03.02.2015,,CC-CV,'Nan','Nan'
SDL-20391,SDL-20391,ENAX,,,PouchCase,ENL-LM20,Active,PrismaticCase,400,80,'Nan','Nan',20,4.2,3.8,3,4,20,1,550,380.25,20,4,1,'Nan',325,7.5,156,'Nan',2007,x,,PR-L-02-03 ,,CC-CV,'Nan','Nan'
SDL-20392,SDL-20392,ENAX,,,PouchCase,ENW-LM08,Active,PrismaticCase,400,80,'Nan','Nan',8,4.2,3.8,3,1.66,8,1,220,141.68,8,1.66,1,'Nan',161,5.5,160,'Nan',2008,x,,PR-W-02-01 ,,CC-CV,'Nan','Nan'
SDL-20393,SDL-20393,ENAX,,,PouchCase,ENS-XE36,Active,PrismaticCase,400,80,'Nan','Nan',3.6,4.2,3.7,3,0.72,3.6,1,105,75.68,3.6,0.78,1,'Nan',160,5.5,86,'Nan',2009,x,,PR-S-03-01 ,,CC-CV,'Nan','Nan'
SDL-21234,SDL-21234,Neosonic Li-Polymer Energy,Nickel rich,LithiumNickelManganeseCobaltOxide and LithiumNickelCobaltAluminiumOxide,PouchCase,KMBNK08035130S,Active,PrismaticCase,1000,80,'Nan','Nan',4.9,4.2,3.7,3,0.98,4.9,0.2,90,40.04,4.9,0.98,0.5,'Nan',130,8.8,35,'Nan',,x,,-,,CC-CV,'Nan',80
SDL-21235,SDL-21235,Neosonic Li-Polymer Energy,Nickel rich,LithiumNickelManganeseCobaltOxide and LithiumNickelCobaltAluminiumOxide,PouchCase,KMBNS08035130S,Active,PrismaticCase,1000,80,'Nan','Nan',4.5,4.2,3.7,3,0.9,4.5,0.5,90,40.04,4.5,0.9,0.5,'Nan',130,8.8,35,'Nan',,x,,-,,CC-CV,'Nan',80
SDL-21236,SDL-21236,Neosonic Li-Polymer Energy,Nickel rich,LithiumNickelManganeseCobaltOxide and LithiumNickelCobaltAluminiumOxide,PouchCase,KMBNK06035195S,Active,PrismaticCase,1000,80,'Nan','Nan',5,4.2,3.7,3,1,5,0.2,100,40.95,5,1,0.5,'Nan',195,6,35,'Nan',,x,,-,,CC-CV,'Nan',80
SDL-21237,SDL-21237,Neosonic Li-Polymer Energy,Nickel rich,LithiumNickelManganeseCobaltOxide and LithiumNickelCobaltAluminiumOxide,PouchCase,KMBNS06035195S,Active,PrismaticCase,1000,80,'Nan','Nan',4.6,4.2,3.7,3,0.92,4.6,0.5,100,40.95,4.6,0.92,0.5,'Nan',195,6,35,'Nan',,x,,-,,CC-CV,'Nan',80
SDL-21238,SDL-21238,Neosonic Li-Polymer Energy,Nickel rich,LithiumNickelManganeseCobaltOxide and LithiumNickelCobaltAluminiumOxide,PouchCase,KMBNK06065108S,Active,PrismaticCase,500,80,'Nan','Nan',5.1,4.2,3.7,3,1.02,5.1,0.5,95,42.12,5.1,1.02,0.5,'Nan',108,6,65,'Nan',,x,,-,,CC-CV,'Nan',80
SDL-21239,SDL-21239,Neosonic Li-Polymer Energy,Nickel rich,LithiumNickelManganeseCobaltOxide and LithiumNickelCobaltAluminiumOxide,PouchCase,KMBNS06065108S,Active,PrismaticCase,500,80,'Nan','Nan',4.7,4.2,3.7,3,0.94,4.7,0.5,95,42.12,4.7,0.94,0.5,'Nan',108,6,65,'Nan',,x,,-,,CC-CV,'Nan',80
SDL-21240,SDL-21240,Neosonic Li-Polymer Energy,Nickel rich,LithiumNickelManganeseCobaltOxide and LithiumNickelCobaltAluminiumOxide,PouchCase,KMBNK45065144S,Active,PrismaticCase,1000,80,'Nan','Nan',5,4.2,3.7,3,1,5,0.5,125,42.12,5,1,0.5,'Nan',144,4.5,65,'Nan',,x,,-,,CC-CV,'Nan',80
SDL-21241,SDL-21241,Neosonic Li-Polymer Energy,Nickel rich,LithiumNickelManganeseCobaltOxide and LithiumNickelCobaltAluminiumOxide,PouchCase,KMBNS45065144S,Active,PrismaticCase,500,80,'Nan','Nan',4.6,4.2,3.7,3,0.92,4.6,0.5,125,42.12,4.6,0.92,0.5,'Nan',144,4.5,65,'Nan',,x,,-,,CC-CV,'Nan',80
SDL-21778,SDL-21778,LECLANCHÉ,Nickel rich,LithiumNickelManganeseCobaltOxide,PouchCase,904823,Active,PrismaticCase,500,80,273,125,22,4.2,3.7,3,4.4,66,'Nan',650,297.3894,22,4.4,'Nan','Nan',157,12.3,154,'Nan',,x,,Datenblatt_904823_v01_eng.doc,,CC-CV,'Nan','Nan'
SDL-22152,SDL-22152,GS Yuasa Technology,Nickel rich,LithiumNickelManganeseCobaltOxide,PrismaticCase,LVP65,Active,PrismaticCase,500,80,232,101,75,4.2,3.7,3,15,325,'Nan',2750,1174.8,75,15,'Nan','Nan',178,50,132,'Nan',,x,,-,,CC-CV,'Nan','Nan'
SDL-22176a,SDL-22176,EAS Batteries,Nickel rich,LithiumNickelCobaltAluminiumOxide,CylindricalCase,HE-602030 NCA 55AH,Active,CylindricalCase,1000,80,'Nan','Nan',55,4.2,3.6,3,27.5,110,0.5,1500,573.678,110,11,0.5,'Nan','Nan',203,,60,2016,x,,Rev. 1.1/1.2,,CC-CV,'Nan',100
SDL-22176b,SDL-22176,EAS Batteries,Nickel rich,LithiumNickelCobaltAluminiumOxide,CylindricalCase,HE-602030 NCA 55AH,Active,CylindricalCase,2000,60,'Nan','Nan',55,4.2,3.6,3,27.5,110,0.5,1500,573.678,110,11,0.5,'Nan','Nan',203,,60,2016,x,,Rev. 1..1/1.2,,CC-CV,'Nan',80
SDL-22254,SDL-22254,Saft,Lithium Iron Phosphate,LithiumIronPhosphate,CylindricalCase,VL 45E FE,Active,CylindricalCase,2500,75,'Nan','Nan',44,3.65,3.3,2.5,6.285714286,50,1.2,900,476.1245,25,6.285714286,0.15,'Nan','Nan',208,,54,2010,x,,,,CC-CV,'Nan','Nan'
SDL-22408,SDL-22408,Saft,Nickel rich,LithiumNickelManganeseCobaltOxide and LithiumNickelCobaltAluminiumOxide,CylindricalCase,VL 5U,Active,CylindricalCase,500,80,'Nan','Nan',5,4.1,3.65,2,1,2,1,350,158.8055,5,1,1,'Nan','Nan',175,,34,2009,x,,10.2009,,CC-CV,'Nan','Nan'
SDL-22470a,SDL-22470,EAS Batteries,Nickel rich,LithiumNickelCobaltAluminiumOxide,CylindricalCase,UHP-341440 NCA,Active,CylindricalCase,1000,80,'Nan','Nan',7.5,4.2,3.6,3,1.5,75,0.2,320,130.6742,75,3.8,0.2,'Nan','Nan',144,,34,2008,,x,12.12.2008,,CC-CV,'Nan',100
SDL-22470b,SDL-22470,EAS Batteries,Nickel rich,LithiumNickelCobaltAluminiumOxide,CylindricalCase,UHP-341440 NCA,Active,CylindricalCase,2000,60,'Nan','Nan',7.5,4.2,3.6,3,1.5,75,0.2,320,130.6742,75,3.8,0.2,'Nan','Nan',144,,34,2008,,x,12.12.2008,,CC-CV,'Nan',80
SDL-23011,SDL-23011,Battronix,,,PouchCase,LCB8570170EC1,Active,PrismaticCase,500,70,460,215,12.6,4.2,3.7,3,2.52,25.2,0.5,217,101.15,12.6,2.52,0.5,'Nan',170,8.5,70,'Nan',2009,x,,12.09.2009,,CC-CV,'Nan',70
SDL-23066a,SDL-23066,Thunder-Sky,Lithium Iron Phosphate,LithiumIronPhosphate,PrismaticCase,WB-LYP40AHA,Active,PrismaticCase,5000,80,'Nan','Nan',40,3.65,3.3,2.5,12,120,0.5,1500,976.488,120,20,0.5,'Nan',183,46,116,'Nan',,x,,-,,CC-CV,'Nan',80
SDL-23066b,SDL-23066,Thunder-Sky,Lithium Iron Phosphate,LithiumIronPhosphate,PrismaticCase,WB-LYP40AHA,Active,PrismaticCase,7000,80,'Nan','Nan',40,3.65,3.3,2.5,12,120,0.5,1500,976.488,120,20,0.5,'Nan',183,46,116,'Nan',,x,,-,,CC-CV,'Nan',70
SDL-23067a,SDL-23067,Thunder-Sky,Lithium Iron Phosphate,LithiumIronPhosphate,PrismaticCase,WB-LYP60AHA,Active,PrismaticCase,5000,80,'Nan','Nan',60,3.65,3.3,2.5,30,180,0.5,2100,1424.045,180,30,0.5,'Nan',203,61,115,'Nan',,x,,-,,CC-CV,'Nan',80
SDL-23067b,SDL-23067,Thunder-Sky,Lithium Iron Phosphate,LithiumIronPhosphate,PrismaticCase,WB-LYP60AHA,Active,PrismaticCase,7000,80,'Nan','Nan',60,3.65,3.3,2.5,30,180,0.5,2100,1424.045,180,30,0.5,'Nan',203,61,115,'Nan',,x,,-,,CC-CV,'Nan',70
SDL-23068a,SDL-23068,Thunder-Sky,Lithium Iron Phosphate,LithiumIronPhosphate,PrismaticCase,WB-LYP90AHA,Active,PrismaticCase,5000,80,'Nan','Nan',90,3.65,3.3,2.5,45,270,0.5,2900,1901.614,270,45,0.5,'Nan',218,61,143,'Nan',,x,,-,,CC-CV,'Nan',80
SDL-23068b,SDL-23068,Thunder-Sky,Lithium Iron Phosphate,LithiumIronPhosphate,PrismaticCase,WB-LYP90AHA,Active,PrismaticCase,7000,80,'Nan','Nan',90,3.65,3.3,2.5,45,270,0.5,2900,1901.614,270,45,0.5,'Nan',218,61,143,'Nan',,x,,-,,CC-CV,'Nan',70
SDL-23069a,SDL-23069,Thunder-Sky,Lithium Iron Phosphate,LithiumIronPhosphate,PrismaticCase,WB-LYP100AHA,Active,PrismaticCase,5000,80,'Nan','Nan',100,3.65,3.3,2.5,50,300,0.5,3500,1945.9,300,50,0.5,'Nan',220,61,145,'Nan',,x,,-,,CC-CV,'Nan',80
SDL-23069b,SDL-23069,Thunder-Sky,Lithium Iron Phosphate,LithiumIronPhosphate,PrismaticCase,WB-LYP100AHA,Active,PrismaticCase,7000,80,'Nan','Nan',100,3.65,3.3,2.5,50,300,0.5,3500,1945.9,300,50,0.5,'Nan',220,61,145,'Nan',,x,,-,,CC-CV,'Nan',70
SDL-23070a,SDL-23070,Thunder-Sky,Lithium Iron Phosphate,LithiumIronPhosphate,PrismaticCase,WB-LYP160AHA,Active,PrismaticCase,5000,80,'Nan','Nan',160,3.65,3.3,2.5,80,480,0.5,5600,3803.8,480,80,0.5,'Nan',280,65,209,'Nan',,x,,,,CC-CV,'Nan',80
SDL-23070b,SDL-23070,Thunder-Sky,Lithium Iron Phosphate,LithiumIronPhosphate,PrismaticCase,WB-LYP160AHA,Active,PrismaticCase,7000,80,'Nan','Nan',160,3.65,3.3,2.5,80,480,0.5,5600,3803.8,480,80,0.5,'Nan',280,65,209,'Nan',,x,,,,CC-CV,'Nan',70
SDL-23071a,SDL-23071,Thunder-Sky,Lithium Iron Phosphate,LithiumIronPhosphate,PrismaticCase,WB-LYP200AHA,Active,PrismaticCase,5000,80,'Nan','Nan',200,3.65,3.3,2.5,100,600,0.5,7900,5001.1332,600,100,0.5,'Nan',362,55.55,248.7,'Nan',,x,,-,,CC-CV,'Nan',80
SDL-23071b,SDL-23071,Thunder-Sky,Lithium Iron Phosphate,LithiumIronPhosphate,PrismaticCase,WB-LYP200AHA,Active,PrismaticCase,7000,80,'Nan','Nan',200,3.65,3.3,2.5,100,600,0.5,7900,5001.1332,600,100,0.5,'Nan',362,55.55,248.7,'Nan',,x,,-,,CC-CV,'Nan',70
SDL-23072a,SDL-23072,Thunder-Sky,Lithium Iron Phosphate,LithiumIronPhosphate,PrismaticCase,WB-LYP260AHA,Active,PrismaticCase,5000,80,'Nan','Nan',260,3.65,3.3,2.5,130,780,0.5,8700,5525.025,780,130,0.5,'Nan',362,55.5,275,'Nan',,x,,-,,CC-CV,'Nan',80
SDL-23072b,SDL-23072,Thunder-Sky,Lithium Iron Phosphate,LithiumIronPhosphate,PrismaticCase,WB-LYP260AHA,Active,PrismaticCase,7000,80,'Nan','Nan',260,3.65,3.3,2.5,130,780,0.5,8700,5525.025,780,130,0.5,'Nan',362,55.5,275,'Nan',,x,,-,,CC-CV,'Nan',70
SDL-23073a,SDL-23073,Thunder-Sky,Lithium Iron Phosphate,LithiumIronPhosphate,PrismaticCase,WB-LYP300AHA,Active,PrismaticCase,5000,80,'Nan','Nan',300,3.65,3.3,2.5,150,900,0.5,9500,6147.846,900,150,0.5,'Nan',362,55.5,306,'Nan',,x,,-,,CC-CV,'Nan',80
SDL-23073b,SDL-23073,Thunder-Sky,Lithium Iron Phosphate,LithiumIronPhosphate,PrismaticCase,WB-LYP300AHA,Active,PrismaticCase,7000,80,'Nan','Nan',300,3.65,3.3,2.5,150,900,0.5,9500,6147.846,900,150,0.5,'Nan',362,55.5,306,'Nan',,x,,-,,CC-CV,'Nan',70
SDL-23074a,SDL-23074,Thunder-Sky,Lithium Iron Phosphate,LithiumIronPhosphate,PrismaticCase,WB-LYP400AHA,Active,PrismaticCase,5000,80,'Nan','Nan',400,3.65,3.3,2.5,200,1200,0.5,13100,8540.025,1200,200,0.5,'Nan',461,65,285,'Nan',,x,,,,CC-CV,'Nan',80
SDL-23074b,SDL-23074,Thunder-Sky,Lithium Iron Phosphate,LithiumIronPhosphate,PrismaticCase,WB-LYP400AHA,Active,PrismaticCase,7000,80,'Nan','Nan',400,3.65,3.3,2.5,200,1200,0.5,13100,8540.025,1200,200,0.5,'Nan',461,65,285,'Nan',,x,,,,CC-CV,'Nan',70
SDL-23075a,SDL-23075,Thunder-Sky,Lithium Iron Phosphate,LithiumIronPhosphate,PrismaticCase,WB-LYP700AHA,Active,PrismaticCase,5000,80,'Nan','Nan',700,3.65,3.3,2.5,350,2100,0.5,21000,12854.754,2100,350,0.5,'Nan',627,67,306,'Nan',,x,,-,,CC-CV,'Nan',80
SDL-23075b,SDL-23075,Thunder-Sky,Lithium Iron Phosphate,LithiumIronPhosphate,PrismaticCase,WB-LYP700AHA,Active,PrismaticCase,7000,80,'Nan','Nan',700,3.65,3.3,2.5,350,2100,0.5,21000,12854.754,2100,350,0.5,'Nan',627,67,306,'Nan',,x,,-,,CC-CV,'Nan',70
SDL-23076a,SDL-23076,Thunder-Sky,Lithium Iron Phosphate,LithiumIronPhosphate,PrismaticCase,WB-LYP1000AHA,Active,PrismaticCase,5000,80,'Nan','Nan',1000,3.65,3.3,2.5,500,3000,0.5,35000,22631.25,3000,500,0.5,'Nan',850,71,375,'Nan',,x,,-,,CC-CV,'Nan',80
SDL-23076b,SDL-23076,Thunder-Sky,Lithium Iron Phosphate,LithiumIronPhosphate,PrismaticCase,WB-LYP1000AHA,Active,PrismaticCase,7000,80,'Nan','Nan',1000,3.65,3.3,2.5,500,3000,0.5,35000,22631.25,3000,500,0.5,'Nan',850,71,375,'Nan',,x,,-,,CC-CV,'Nan',70
SDL-23077a,SDL-23077,Thunder-Sky,Lithium Iron Phosphate,LithiumIronPhosphate,PrismaticCase,WB-LYP1000AHC,Active,PrismaticCase,5000,80,'Nan','Nan',1000,3.65,3.2,2.5,500,3000,0.5,41000,25916.8,3000,500,0.5,'Nan',560,130,356,'Nan',,x,,-,,CC-CV,'Nan',80
SDL-23077b,SDL-23077,Thunder-Sky,Lithium Iron Phosphate,LithiumIronPhosphate,PrismaticCase,WB-LYP1000AHC,Active,PrismaticCase,7000,80,'Nan','Nan',1000,3.65,3.2,2.5,500,3000,0.5,41000,25916.8,3000,500,0.5,'Nan',560,130,356,'Nan',,x,,-,,CC-CV,'Nan',70
SDL-23220,SDL-23220,Optimum Battery Co Ltd,Lithium Iron Phosphate,LithiumIronPhosphate,CylindricalCase,OPT-32650F,Active,CylindricalCase,2000,80,'Nan','Nan',5,3.65,3.2,2.5,5,10,1,145,54.3698,5,1,1,'Nan','Nan',70,,32.2,,x,,-,,CC-CV,'Nan','Nan'
SDL-23256,SDL-23256,Chengdu Jianzhong Lithium Battery Company Ltd,Lithium Cobalt Oxide,LCO,CylindricalCase,ICR26650,Active,CylindricalCase,300,80,'Nan','Nan',4,4.2,3.7,3,0.64,4,'Nan',90,34.4929,4,0.8,'Nan','Nan','Nan',65,,26,2015,,x,17.07.2015,,CC-CV,'Nan','Nan'
SDL-23257,SDL-23257,Kokam,Nickel rich,LithiumNickelManganeseCobaltOxide,PouchCase,SLPB11543140H5,Active,PrismaticCase,800,80,'Nan',140,5,4.2,3.7,2.7,2.5,150,1,128,72.5254,10.4,2,1,'Nan',142.5,11.7,43.5,'Nan',2017,,x,-,Paper,CC-CV,'Nan','Nan'
SDL-23465,SDL-23465,Auto Energy Technology Co,Lithium Titanate,LithiumTitanate,CylindricalCase,YT185185185,Active,CylindricalCase,2000,80,'Nan','Nan',40,2.7,2.4,1.5,65,120,'Nan',1650,902.3575,120,8,'Nan','Nan','Nan',380,,55,2013,x,,,,CC-CV,'Nan','Nan'
SDL-23541,SDL-23541,EnerDel. INC,,,PouchCase,HEV CELL,Active,PrismaticCase,1000,80,'Nan','Nan',16,4.1,3.6,2.5,3.5,80,'Nan',446,293.2776,80,3.5,'Nan','Nan',253,6.3,184,'Nan',2012,x,,24.05.2012,,CC-CV,'Nan','Nan'
SDL-23543a,SDL-23543,Headway Group,Lithium Iron Phosphate,LithiumIronPhosphate,CylindricalCase,HW38120S/L,Active,CylindricalCase,2000,80,'Nan','Nan',10,3.65,3.2,2,10,30,1,330,138.2919,20,10,1,'Nan','Nan',122,,38,,x,,-,,CC-CV,'Nan','Nan'
SDL-23543b,SDL-23543,Headway Group,Lithium Iron Phosphate,LithiumIronPhosphate,CylindricalCase,HW38120S/L,Active,CylindricalCase,1500,80,'Nan','Nan',10,3.65,3.2,2,10,30,3,330,138.2919,20,10,1,'Nan','Nan',122,,38,,x,,-,,CC-CV,'Nan','Nan'
SDL-23544a,SDL-23544,Headway Group,Lithium Iron Phosphate,LithiumIronPhosphate,CylindricalCase,HW38140S,Active,CylindricalCase,2000,80,'Nan','Nan',12,3.65,3.2,2,12,36,1,395,160.9627,24,12,1,'Nan','Nan',142,,38,,x,,-,,CC-CV,'Nan','Nan'
SDL-23544b,SDL-23544,Headway Group,Lithium Iron Phosphate,LithiumIronPhosphate,CylindricalCase,HW38140S,Active,CylindricalCase,1500,80,'Nan','Nan',12,3.65,3.2,2,12,36,3,395,160.9627,24,12,1,'Nan','Nan',142,,38,,x,,-,,CC-CV,'Nan','Nan'
SDL-23547a,SDL-23547,Headway Group,Lithium Iron Phosphate,LithiumIronPhosphate,CylindricalCase,HW40152S,Active,CylindricalCase,2000,80,'Nan','Nan',15,3.65,3.2,2,15,45,1,475,207.24,30,7.5,1,'Nan','Nan',165,,40,,x,,-,,CC-CV,'Nan','Nan'
SDL-23547b,SDL-23547,Headway Group,Lithium Iron Phosphate,LithiumIronPhosphate,CylindricalCase,HW40152S,Active,CylindricalCase,1500,80,'Nan','Nan',15,3.65,3.2,2,15,45,3,475,207.24,30,7.5,1,'Nan','Nan',165,,40,,x,,-,,CC-CV,'Nan','Nan'
SDL-2494,SDL-2494,Saft,Nickel rich,LithiumNickelManganeseCobaltOxide and LithiumNickelCobaltAluminiumOxide,CylindricalCase,VES100,Active,CylindricalCase,500,80,'Nan',118,28,4.1,3.6,2.75,2.8,84,'Nan',810,423.4761,28,2.8,'Nan','Nan','Nan',185,,54,2006,x,,-,,CC-CV,'Nan','Nan'
SDL-2495,SDL-2495,Saft,Nickel rich,LithiumNickelManganeseCobaltOxide and LithiumNickelCobaltAluminiumOxide,CylindricalCase,VES140,Active,CylindricalCase,500,80,'Nan',126,39,4.1,3.6,2.75,3.9,117,'Nan',1130,572.265,39,3.9,'Nan','Nan','Nan',250,,54,2006,x,,-,,CC-CV,'Nan','Nan'
SDL-2496,SDL-2496,Saft,Nickel rich,LithiumNickelManganeseCobaltOxide and LithiumNickelCobaltAluminiumOxide,CylindricalCase,VES180,Active,CylindricalCase,500,80,'Nan',165,50,4.1,3.6,2.75,5,150,'Nan',1110,551.2663,50,5,'Nan','Nan','Nan',250,,53,2006,x,,-,,CC-CV,'Nan','Nan'
SDL-2500,SDL-2500,Saft,Nickel rich,LithiumNickelManganeseCobaltOxide and LithiumNickelCobaltAluminiumOxide,PrismaticCase,MP174865,Active,PrismaticCase,500,70,380,163,5.3,4.2,3.75,2.5,1.1,11,'Nan',124,52,5,0.58,'Nan','Nan',65,19,48,'Nan',2007,x,,11.2007,,CC-CV,'Nan','Nan'
SDL-2502,SDL-2502,Saft,Nickel rich,LithiumNickelManganeseCobaltOxide and LithiumNickelCobaltAluminiumOxide,PrismaticCase,MP176065,Active,PrismaticCase,500,70,350,165,6.8,4.2,3.75,2.5,1.4,13.6,'Nan',155,73,6.8,0.58,'Nan','Nan',65,19.8,61,'Nan',2005,x,,03.2005,,CC-CV,'Nan','Nan'
SDL-2503,SDL-2503,Saft,Nickel rich,LithiumNickelManganeseCobaltOxide and LithiumNickelCobaltAluminiumOxide,CylindricalCase,VL 45E,Active,CylindricalCase,500,80,313,149,45,4.1,3.6,2.7,4.5,100,'Nan',1070,510,45,4.5,'Nan','Nan','Nan',222,,54.3,2005,x,,03.2005,,CC-CV,'Nan','Nan'
SDL-2504,SDL-2504,Saft,Nickel rich,LithiumNickelManganeseCobaltOxide and LithiumNickelCobaltAluminiumOxide,CylindricalCase,VL 41M,Active,CylindricalCase,500,80,285,136,41,4.1,3.6,2.7,4.5,150,0.33,1070,513.8334,41,4.5,0.33,'Nan','Nan',222,,54.3,2005,x,,03.2005,,CC-CV,'Nan',80
SDL-2505,SDL-2505,Saft,Nickel rich,LithiumNickelManganeseCobaltOxide and LithiumNickelCobaltAluminiumOxide,CylindricalCase,VL 27M,Active,CylindricalCase,500,80,252,124,27,4.1,3.6,2.7,2.7,110,0.33,770,377.274,27,2.7,0.33,'Nan','Nan',163,,54.3,2005,x,,03.2005,,CC-CV,'Nan',80
SDL-2506,SDL-2506,Saft,Nickel rich,LithiumNickelManganeseCobaltOxide and LithiumNickelCobaltAluminiumOxide,CylindricalCase,VL 7P,Active,CylindricalCase,500,80,131,67,7,4.1,3.6,2.7,0.7,100,'Nan',370,191.3398,7,0.7,'Nan','Nan','Nan',145,,41,2005,x,,03.2005,,CC-CV,'Nan','Nan'
SDL-2507,SDL-2507,Saft,Nickel rich,LithiumNickelManganeseCobaltOxide and LithiumNickelCobaltAluminiumOxide,CylindricalCase,VL 20P,Active,CylindricalCase,500,80,187,89,20,4.1,3.6,2.7,2,250,'Nan',800,373.1168,20,2,'Nan','Nan','Nan',163,,54,2005,x,,03.2005,,CC-CV,'Nan','Nan'
SDL-2508,SDL-2508,Saft,Nickel rich,LithiumNickelManganeseCobaltOxide and LithiumNickelCobaltAluminiumOxide,CylindricalCase,VL 30P,Active,CylindricalCase,500,80,209,97,30,4.1,3.6,2.7,3,300,'Nan',1100,508.1713,30,3,'Nan','Nan','Nan',222,,54,2005,x,,03.2005,,CC-CV,'Nan','Nan'
SDL-2524,SDL-2524,Quallion LLC,Nickel rich,LNCAO,PrismaticCase,QL015KA,Active,PrismaticCase,3000,80,296,142,15,4.2,3.6,2.7,15,15,'Nan',380,180.4631,15,1.5,'Nan','Nan',88.3,37.5,54.5,'Nan',,x,,-,,CC-CV,'Nan','Nan'
SDL-25474,SDL-25474,Guangzhou FULLRIVER Battery New Technology Co,Lithium Iron Phosphate,LithiumIronPhosphate,CylindricalCase,32700Fe5400,Active,CylindricalCase,1000,80,'Nan','Nan',5.4,3.7,3.2,2,1.08,5.4,'Nan',143,58.9668,5.4,1.08,'Nan','Nan','Nan',72,,32.3,2012,x,,06.2012,,CC-CV,'Nan','Nan'
SDL-25565,SDL-25565,LG Chem,Nickel rich,LithiumNickelManganeseCobaltOxide,CylindricalCase,INR18650MJ1,Active,CylindricalCase,400,80,'Nan','Nan',3.5,4.2,3.63,2.5,0.68,10,1,49,17.275,3.4,1.7,0.5,'Nan','Nan',65,,18.4,2014,x,,22.08.2014,,CC-CV,0.01,100
SDL-25566,SDL-25566,Saft,Nickel rich,LithiumNickelManganeseCobaltOxide and LithiumNickelCobaltAluminiumOxide,PrismaticCase,MP174565xtd,Active,PrismaticCase,1500,80,246,150,4,4.2,3.65,2.7,0.8,8,0.5,97,56.5779,4,2,0.5,'Nan',68.5,18.65,45.3,'Nan',2019,x,,08.2019,,CC-CV,'Nan','Nan'
SDL-25567,SDL-25567,Saft,Nickel rich,LithiumNickelManganeseCobaltOxide and LithiumNickelCobaltAluminiumOxide,PrismaticCase,MP176065xtd,Active,PrismaticCase,1500,80,264,150,5.6,4.1,3.65,2.5,1.18,11,0.5,136,77.3081,5.6,1.18,0.5,'Nan',68.7,18.6,60.5,'Nan',2019,x,,04.2018,,CC-CV,'Nan','Nan'
SDL-25591a,SDL-25591,EAS Batteries,Nickel rich,LithiumNickelCobaltAluminiumOxide,CylindricalCase,HE-341440 LithiumNickelCobaltAluminiumOxide,Active,CylindricalCase,1000,80,'Nan','Nan',10,4.2,3.6,3,1.5,50,0.2,320,130.6742,20,5,0.2,'Nan','Nan',144,,34,2011,x,,Doc HE 341440 LithiumNickelCobaltAluminiumOxide - 2011-13,,CC-CV,'Nan','Nan'
SDL-25591b,SDL-25591,EAS Batteries,Nickel rich,LithiumNickelCobaltAluminiumOxide,CylindricalCase,HE-341440 LithiumNickelCobaltAluminiumOxide,Active,CylindricalCase,2000,60,'Nan','Nan',10,4.2,3.6,3,1.5,50,0.2,320,130.6742,20,5,0.2,'Nan','Nan',144,,34,2011,x,,Doc HE 341440 LithiumNickelCobaltAluminiumOxide - 2011-13,,CC-CV,'Nan','Nan'
SDL-25608,SDL-25608,LG Chem,Nickel rich,LithiumNickelManganeseCobaltOxide,CylindricalCase,INR20650 M42,Active,CylindricalCase,400,80,'Nan','Nan',4.15,4.2,3.63,2.5,0.804,12,1,58,21.6082,4.02,2.01,0.5,'Nan','Nan',65.5,,20.5,2015,x,,07.12.2015,,CC-CV,0.01,100
SDL-25621,SDL-25621,Zenlabs_Envia,Nickel rich,LithiumNickelManganeseCobaltOxide,PouchCase,ENV35011-CRC,Active,PrismaticCase,450,80,840,350,10.6,4.47,3.65,2.5,2.12,,'Nan',111,46.4,,2.12,'Nan','Nan',145,5,64,'Nan',2015,x,,-,,CC-CV,'Nan','Nan'
SDL-25622,SDL-25622,Zenlabs_Envia,Nickel rich,LithiumNickelManganeseCobaltOxide,PouchCase,ENV23426-XP,Active,PrismaticCase,1000,80,438,234,26.5,4.35,3.69,2.3,8.833333333,26.5,'Nan',407,222.75,26.5,8.833333333,'Nan','Nan',225,6,165,'Nan',2015,x,,-,,CC-CV,'Nan','Nan'
SDL-26864,SDL-26864,Lishen,Nickel rich,LithiumNickelCobaltAluminiumOxide,CylindricalCase,LR2170SC,Active,CylindricalCase,1000,70,'Nan','Nan',5,4.2,3.6,2.75,1,10,'Nan',70,26.2081,1.5,1,'Nan','Nan','Nan',70.9,,21.7,2017,x,,26.07.2017,,CC-CV,0.02,100
SDL-26865,SDL-26865,Lishen,Nickel rich,LithiumNickelCobaltAluminiumOxide,CylindricalCase,LR2170SF,Active,CylindricalCase,1000,80,618,230,4.5,4.2,3.6,2.5,4.5,13.5,'Nan',70,26.7687,5.4,2.25,'Nan','Nan','Nan',71.1,,21.9,2019,x,,2021,,CC-CV,0.02,100
SDL-26872,SDL-26872,Amprius_Wuxi Lead,Lithium Cobalt Oxide,LCO - Silicon 'Nan'owire,PouchCase,ANW3.6-455055,Active,PrismaticCase,150,80,'Nan','Nan',3.6,4.35,3.6,2.75,0.51,1.8,0.2,33,12.375,1.8,0.51,0.2,'Nan',55,4.5,50,'Nan',2018,x,,2018,,CC-CV,'Nan','Nan'
SDL-26901,SDL-26901,Amprius_Wuxi Lead,Nickel rich,LithiumNickelManganeseCobaltOxide and LithiumNickelCobaltAluminiumOxide,PouchCase,E485795CH,Active,PrismaticCase,500,80,'Nan','Nan',5,4.4,3.85,3,0.98,5,0.5,65,27.1889,2.45,1,0.5,'Nan',96.5,4.9,57.5,'Nan',2016,x,,AMP/JS-SPEC-A07-05,,CC-CV,'Nan','Nan'
SDL-26910,SDL-26910,Hangzhou Future Power Technology Co,,,PouchCase,FT655894P,Active,PrismaticCase,500,80,'Nan','Nan',5.15,4.35,3.8,3,1,2.5,'Nan',105,37.8232,2.5,1,'Nan','Nan',96.5,6.7,58.5,'Nan',,x,,Customer Code F0635,,CC-CV,'Nan','Nan'
SDL-26913,SDL-26913,BMZ_Sony,Nickel rich,LithiumNickelCobaltAluminiumOxide,CylindricalCase,BMZ 21700 40PS1,Active,CylindricalCase,1000,80,'Nan','Nan',4,4.2,3.6,2.5,0.8,35,1,70,24.8494,6,2,1,'Nan','Nan',70.3,,21.22,,x,,2017,,CC-CV,'Nan','Nan'
SDL-26914,SDL-26914,BMZ_Sony,Nickel rich,LithiumNickelCobaltAluminiumOxide,CylindricalCase,BMZ 21700 42 PM,Active,CylindricalCase,250,85,'Nan','Nan',4.16,4.2,3.6,2,0.832,35,1,72,24.9759,6,2,1,'Nan','Nan',69.8,,21.35,,x,,-,,CC-CV,'Nan','Nan'
SDL-26916,SDL-26916,BMZ_Sony,Nickel rich,LithiumNickelCobaltAluminiumOxide,CylindricalCase,BMZ 21700 52EM,Active,CylindricalCase,350,70,'Nan',267.4,5.2,4.2,3.6,2.5,1.05,8,1,70,24.9759,4,1.05,1,'Nan','Nan',69.8,,21.35,2017,x,,,,CC-CV,'Nan','Nan'
SDL-26917,SDL-26917,BMZ_Sony,Nickel rich,LithiumNickelCobaltAluminiumOxide,CylindricalCase,BMZ 21700 52E,Active,CylindricalCase,350,70,'Nan','Nan',5.2,4.2,3.6,2.5,1.05,8,1,70,24.9759,4,1.05,1,'Nan','Nan',69.8,,21.35,2017,x,,,,CC-CV,'Nan','Nan'
SDL-26918,SDL-26918,Murata,Nickel rich,LithiumNickelCobaltAluminiumOxide,CylindricalCase,US21700VTC6A,Active,CylindricalCase,500,80,578,'Nan',4,4.2,3.6,2,0.8,40,2.5,72.7,25.5189,9,3,1,'Nan','Nan',70,,21.55,2021,x,,-,,CC-CV,0.02,'Nan'
SDL-26925,SDL-26925,Dongguan K-Tech New Energy,,LithiumNickelManganeseCobaltOxide and LithiumNickelCobaltAluminiumOxide,CylindricalCase,INR21700P-4000mAh,Active,CylindricalCase,500,80,'Nan','Nan',4,4.2,3.7,2.75,0.8,12,0.5,68,26.1517,4,0.8,0.5,'Nan','Nan',70.1,,21.8,2018,x,,12.01.2018,,CC-CV,0.02,100
SDL-26944,SDL-26944,Yinglong,Lithium Titanate,LithiumTitanate,CylindricalCase,LTO66160H/40Ah,Active,CylindricalCase,16000,80,'Nan','Nan',40,2.7,2.3,1.5,40,240,1,1250,547.1136,400,40,1,'Nan','Nan',160,,66,2016,x,,12.12.2016,,CC-CV,'Nan',100
SDL-26945,SDL-26945,Yinglong,Lithium Titanate,LithiumTitanate,CylindricalCase,35Ah,Active,CylindricalCase,16000,80,'Nan','Nan',36.2,2.7,2.3,1.5,35,210,1,1220,547.1136,210,80,1,'Nan','Nan',160,,66,2016,x,,,,CC-CV,'Nan',100
TUM-001a,TUM-001,Samsung,Nickel rich,LithiumNickelManganeseCobaltOxide,PrismaticCase,SDI 94Ah ,Active,PrismaticCase,1500,80,355,165,94,4.15,3.68,2.7,31.33333333,150,1,2100,973,72,31.33333333,1,'Nan',173,45,125,'Nan',2015,(x),,31.12.2015,0.5C/1C 5200 @70 - 1C/1C: 1.500 / 2.500,CC-CV,0.02,'Nan'
TUM-001b,TUM-001,Samsung,Nickel rich,LithiumNickelManganeseCobaltOxide,PrismaticCase,SDI 94Ah ,Active,PrismaticCase,2500,70,355,165,94,4.15,3.68,2.7,31.33333333,150,1,2100,973,72,31.33333333,1,'Nan',173,45,125,'Nan',2015,(x),,31.12.2015,0.5C/1C 5200 @70 - 1C/1C: 1.500 / 2.500,CC-CV,0.02,'Nan'
TUM-001c,TUM-001,Samsung,Nickel rich,LithiumNickelManganeseCobaltOxide,PrismaticCase,SDI 94Ah ,Active,PrismaticCase,3200,80,355,165,94,4.15,3.68,2.7,31.33333333,150,1,2100,973,72,31.33333333,0.5,'Nan',173,45,125,'Nan',2015,(x),,31.12.2015,0.5C/1C 5200 @70 - 1C/1C: 1.500 / 2.500,CC-CV,0.02,'Nan'
TUM-001d,TUM-001,Samsung,Nickel rich,LithiumNickelManganeseCobaltOxide,PrismaticCase,SDI 94Ah ,Active,PrismaticCase,5200,70,355,165,94,4.15,3.68,2.7,31.33333333,150,1,2100,973,72,31.33333333,0.5,'Nan',173,45,125,'Nan',2015,(x),,31.12.2015,0.5C/1C 5200 @70 - 1C/1C: 1.500 / 2.500,CC-CV,0.02,'Nan'
TUM-02,TUM-02,Kokam,Nickel rich,LithiumNickelManganeseCobaltOxide,PouchCase,SLPB065070180,Active,PrismaticCase,3000,70,571,246,11.6,4.2,3.67,2.7,1.16,23.2,1,175,,11.6,1.16,1,'Nan',185,6.6,84,'Nan',2020,x,,KKDS-20200406-BM-CEL-02 ,,CC-CV,'Nan','Nan'
TUM-03,TUM-03,Kokam,Nickel rich,LithiumNickelManganeseCobaltOxide,PouchCase,SLPB120216216,Active,PrismaticCase,6000,70,418,182,53,4.2,3.7,2.7,10.6,265,1,1095,,106,10.6,1,'Nan',227,12,226,'Nan',2020,x,,-,,CC-CV,'Nan','Nan'
TUM-04,TUM-04,Samsung,Nickel rich,LithiumNickelCobaltAluminiumOxide,CylindricalCase,INR21700-50E,Active,CylindricalCase,500,80,568.8,255.7,4.9,4.2,3.6,2.5,,9.8,1,69,28,4.9,2.45,0.5,'Nan','Nan',70.8,,21.25,2017,x,,19.12.2017,,CC-CV,'Nan','Nan'
TUM-05,TUM-05,LG Chem,Nickel rich,LithiumNickelManganeseCobaltOxide,PouchCase,ID.3,Active,PrismaticCase,2000,80,685,273,80.45,4.2,3.7,2.5,,,1,1.101,0.438,125,,1,'Nan',515,8.7,98,'Nan',2020,,x,Wassiliadis et al. 2022,,CC-CV,'Nan','Nan'